Transaction Size (bytes),Number of Transactions,Architecture,RISC-V Processor,Run Host ID,Memory type,Mechanism,Pattern,Same axis,Stateful,Loopback,Number of subordinates,NoC Index,Latency (cycles),Bandwidth (bytes/cycle)
64,1,blackhole,riscv_0,97280,L1,multicast,one_to_all,True,False,True,4,0,395.0,0.1620253164556962
128,1,blackhole,riscv_0,98304,L1,multicast,one_to_all,True,False,True,4,0,395.0,0.3240506329113924
256,1,blackhole,riscv_0,99328,L1,multicast,one_to_all,True,False,True,4,0,403.0,0.6352357320099256
512,1,blackhole,riscv_0,100352,L1,multicast,one_to_all,True,False,True,4,0,404.0,1.2673267326732673
1024,1,blackhole,riscv_0,101376,L1,multicast,one_to_all,True,False,True,4,0,413.0,2.4794188861985473
2048,1,blackhole,riscv_0,102400,L1,multicast,one_to_all,True,False,True,4,0,428.0,4.785046728971962
4096,1,blackhole,riscv_0,103424,L1,multicast,one_to_all,True,False,True,4,0,475.0,8.623157894736842
8192,1,blackhole,riscv_0,104448,L1,multicast,one_to_all,True,False,True,4,0,540.0,15.170370370370371
16384,1,blackhole,riscv_0,105472,L1,multicast,one_to_all,True,False,True,4,0,669.0,24.490284005979074
32768,1,blackhole,riscv_0,106496,L1,multicast,one_to_all,True,False,True,4,0,984.0,33.300813008130085
65536,1,blackhole,riscv_0,107520,L1,multicast,one_to_all,True,False,True,4,0,1612.0,40.655086848635236
64,4,blackhole,riscv_0,108544,L1,multicast,one_to_all,True,False,True,4,0,513.0,0.49902534113060426
128,4,blackhole,riscv_0,109568,L1,multicast,one_to_all,True,False,True,4,0,558.0,0.9175627240143369
256,4,blackhole,riscv_0,110592,L1,multicast,one_to_all,True,False,True,4,0,520.0,1.9692307692307693
512,4,blackhole,riscv_0,111616,L1,multicast,one_to_all,True,False,True,4,0,533.0,3.8424015009380863
1024,4,blackhole,riscv_0,112640,L1,multicast,one_to_all,True,False,True,4,0,576.0,7.111111111111111
2048,4,blackhole,riscv_0,113664,L1,multicast,one_to_all,True,False,True,4,0,647.0,12.661514683153014
4096,4,blackhole,riscv_0,114688,L1,multicast,one_to_all,True,False,True,4,0,778.0,21.05912596401028
8192,4,blackhole,riscv_0,115712,L1,multicast,one_to_all,True,False,True,4,0,1072.0,30.567164179104477
16384,4,blackhole,riscv_0,116736,L1,multicast,one_to_all,True,False,True,4,0,1617.0,40.52937538651825
32768,4,blackhole,riscv_0,117760,L1,multicast,one_to_all,True,False,True,4,0,2860.0,45.82937062937063
65536,4,blackhole,riscv_0,118784,L1,multicast,one_to_all,True,False,True,4,0,5309.0,49.377283857600304
64,16,blackhole,riscv_0,119808,L1,multicast,one_to_all,True,False,True,4,0,984.0,1.0406504065040652
128,16,blackhole,riscv_0,120832,L1,multicast,one_to_all,True,False,True,4,0,995.0,2.0582914572864324
256,16,blackhole,riscv_0,121856,L1,multicast,one_to_all,True,False,True,4,0,1034.0,3.9613152804642167
512,16,blackhole,riscv_0,122880,L1,multicast,one_to_all,True,False,True,4,0,1099.0,7.454049135577798
1024,16,blackhole,riscv_0,123904,L1,multicast,one_to_all,True,False,True,4,0,1257.0,13.034208432776452
2048,16,blackhole,riscv_0,124928,L1,multicast,one_to_all,True,False,True,4,0,1515.0,21.62904290429043
4096,16,blackhole,riscv_0,125952,L1,multicast,one_to_all,True,False,True,4,0,2058.0,31.844509232264333
8192,16,blackhole,riscv_0,126976,L1,multicast,one_to_all,True,False,True,4,0,3155.0,41.54421553090333
16384,16,blackhole,riscv_0,128000,L1,multicast,one_to_all,True,False,True,4,0,5323.0,49.24741687018599
32768,16,blackhole,riscv_0,129024,L1,multicast,one_to_all,True,False,True,4,0,10236.0,51.220007815552954
65536,16,blackhole,riscv_0,130048,L1,multicast,one_to_all,True,False,True,4,0,20121.0,52.11351324486854
64,64,blackhole,riscv_0,131072,L1,multicast,one_to_all,True,False,True,4,0,2852.0,1.4361851332398317
128,64,blackhole,riscv_0,132096,L1,multicast,one_to_all,True,False,True,4,0,2919.0,2.8064405618362454
256,64,blackhole,riscv_0,133120,L1,multicast,one_to_all,True,False,True,4,0,3075.0,5.328130081300813
512,64,blackhole,riscv_0,134144,L1,multicast,one_to_all,True,False,True,4,0,3355.0,9.766915052160954
1024,64,blackhole,riscv_0,135168,L1,multicast,one_to_all,True,False,True,4,0,3930.0,16.675826972010178
2048,64,blackhole,riscv_0,136192,L1,multicast,one_to_all,True,False,True,4,0,4978.0,26.33025311370028
4096,64,blackhole,riscv_0,137216,L1,multicast,one_to_all,True,False,True,4,0,7123.0,36.80247086901586
8192,64,blackhole,riscv_0,138240,L1,multicast,one_to_all,True,False,True,4,0,11460.0,45.749389179755674
16384,64,blackhole,riscv_0,139264,L1,multicast,one_to_all,True,False,True,4,0,20046.0,52.308490471914595
32768,64,blackhole,riscv_0,140288,L1,multicast,one_to_all,True,False,True,4,0,39774.0,52.72670588826872
65536,64,blackhole,riscv_0,141312,L1,multicast,one_to_all,True,False,True,4,0,79348.0,52.8596057871654
64,256,blackhole,riscv_0,142336,L1,multicast,one_to_all,True,False,True,4,0,10340.0,1.5845261121856866
128,256,blackhole,riscv_0,143360,L1,multicast,one_to_all,True,False,True,4,0,10596.0,3.092487731219328
256,256,blackhole,riscv_0,144384,L1,multicast,one_to_all,True,False,True,4,0,11234.0,5.833719067117679
512,256,blackhole,riscv_0,145408,L1,multicast,one_to_all,True,False,True,4,0,12379.0,10.588254301639873
1024,256,blackhole,riscv_0,146432,L1,multicast,one_to_all,True,False,True,4,0,14231.0,18.42063101679432
2048,256,blackhole,riscv_0,147456,L1,multicast,one_to_all,True,False,True,4,0,18846.0,27.81959036400297
4096,256,blackhole,riscv_0,148480,L1,multicast,one_to_all,True,False,True,4,0,27275.0,38.44458295142071
8192,256,blackhole,riscv_0,149504,L1,multicast,one_to_all,True,False,True,4,0,44820.0,46.79053993752789
16384,256,blackhole,riscv_0,150528,L1,multicast,one_to_all,True,False,True,4,0,79291.0,52.897605024529895
32768,256,blackhole,riscv_0,151552,L1,multicast,one_to_all,True,False,True,4,0,158126.0,53.05014988047506
65536,256,blackhole,riscv_0,152576,L1,multicast,one_to_all,True,False,True,4,0,315733.0,53.13735339669911
64,1,blackhole,riscv_0,209920,L1,multicast_linked,one_to_all,True,False,True,4,0,395.0,0.1620253164556962
128,1,blackhole,riscv_0,210944,L1,multicast_linked,one_to_all,True,False,True,4,0,395.0,0.3240506329113924
256,1,blackhole,riscv_0,211968,L1,multicast_linked,one_to_all,True,False,True,4,0,403.0,0.6352357320099256
512,1,blackhole,riscv_0,212992,L1,multicast_linked,one_to_all,True,False,True,4,0,404.0,1.2673267326732673
1024,1,blackhole,riscv_0,214016,L1,multicast_linked,one_to_all,True,False,True,4,0,412.0,2.4854368932038833
2048,1,blackhole,riscv_0,215040,L1,multicast_linked,one_to_all,True,False,True,4,0,427.0,4.796252927400468
4096,1,blackhole,riscv_0,216064,L1,multicast_linked,one_to_all,True,False,True,4,0,467.0,8.770877944325482
8192,1,blackhole,riscv_0,217088,L1,multicast_linked,one_to_all,True,False,True,4,0,540.0,15.170370370370371
16384,1,blackhole,riscv_0,218112,L1,multicast_linked,one_to_all,True,False,True,4,0,675.0,24.27259259259259
32768,1,blackhole,riscv_0,219136,L1,multicast_linked,one_to_all,True,False,True,4,0,977.0,33.53940634595701
65536,1,blackhole,riscv_0,220160,L1,multicast_linked,one_to_all,True,False,True,4,0,1609.0,40.73088875077688
64,4,blackhole,riscv_0,221184,L1,multicast_linked,one_to_all,True,False,True,4,0,464.0,0.5517241379310345
128,4,blackhole,riscv_0,222208,L1,multicast_linked,one_to_all,True,False,True,4,0,462.0,1.1082251082251082
256,4,blackhole,riscv_0,223232,L1,multicast_linked,one_to_all,True,False,True,4,0,469.0,2.183368869936034
512,4,blackhole,riscv_0,224256,L1,multicast_linked,one_to_all,True,False,True,4,0,469.0,4.366737739872068
1024,4,blackhole,riscv_0,225280,L1,multicast_linked,one_to_all,True,False,True,4,0,493.0,8.308316430020284
2048,4,blackhole,riscv_0,226304,L1,multicast_linked,one_to_all,True,False,True,4,0,541.0,15.142329020332717
4096,4,blackhole,riscv_0,227328,L1,multicast_linked,one_to_all,True,False,True,4,0,676.0,24.236686390532544
8192,4,blackhole,riscv_0,228352,L1,multicast_linked,one_to_all,True,False,True,4,0,948.0,34.565400843881854
16384,4,blackhole,riscv_0,229376,L1,multicast_linked,one_to_all,True,False,True,4,0,1503.0,43.60345974717232
32768,4,blackhole,riscv_0,230400,L1,multicast_linked,one_to_all,True,False,True,4,0,2639.0,49.667298219022356
65536,4,blackhole,riscv_0,231424,L1,multicast_linked,one_to_all,True,False,True,4,0,4886.0,53.65206713057716
64,16,blackhole,riscv_0,232448,L1,multicast_linked,one_to_all,True,False,True,4,0,739.0,1.3856562922868743
128,16,blackhole,riscv_0,233472,L1,multicast_linked,one_to_all,True,False,True,4,0,741.0,2.7638326585695006
256,16,blackhole,riscv_0,234496,L1,multicast_linked,one_to_all,True,False,True,4,0,739.0,5.542625169147497
512,16,blackhole,riscv_0,235520,L1,multicast_linked,one_to_all,True,False,True,4,0,748.0,10.95187165775401
1024,16,blackhole,riscv_0,236544,L1,multicast_linked,one_to_all,True,False,True,4,0,773.0,21.195342820181114
2048,16,blackhole,riscv_0,237568,L1,multicast_linked,one_to_all,True,False,True,4,0,986.0,33.233265720081135
4096,16,blackhole,riscv_0,238592,L1,multicast_linked,one_to_all,True,False,True,4,0,1528.0,42.890052356020945
8192,16,blackhole,riscv_0,239616,L1,multicast_linked,one_to_all,True,False,True,4,0,2610.0,50.21915708812261
16384,16,blackhole,riscv_0,240640,L1,multicast_linked,one_to_all,True,False,True,4,0,4777.0,54.87628218547206
32768,16,blackhole,riscv_0,241664,L1,multicast_linked,one_to_all,True,False,True,4,0,9148.0,57.31176213379974
65536,16,blackhole,riscv_0,242688,L1,multicast_linked,one_to_all,True,False,True,4,0,17955.0,58.40022277917015
64,64,blackhole,riscv_0,243712,L1,multicast_linked,one_to_all,True,False,True,4,0,1844.0,2.2212581344902387
128,64,blackhole,riscv_0,244736,L1,multicast_linked,one_to_all,True,False,True,4,0,1845.0,4.440108401084011
256,64,blackhole,riscv_0,245760,L1,multicast_linked,one_to_all,True,False,True,4,0,1851.0,8.85143165856294
512,64,blackhole,riscv_0,246784,L1,multicast_linked,one_to_all,True,False,True,4,0,1849.0,17.72201189832342
1024,64,blackhole,riscv_0,247808,L1,multicast_linked,one_to_all,True,False,True,4,0,1866.0,35.12111468381565
2048,64,blackhole,riscv_0,248832,L1,multicast_linked,one_to_all,True,False,True,4,0,2787.0,47.02978112665949
4096,64,blackhole,riscv_0,249856,L1,multicast_linked,one_to_all,True,False,True,4,0,4880.0,53.718032786885246
8192,64,blackhole,riscv_0,250880,L1,multicast_linked,one_to_all,True,False,True,4,0,9176.0,57.13687881429817
16384,64,blackhole,riscv_0,251904,L1,multicast_linked,one_to_all,True,False,True,4,0,17852.0,58.73717230562402
32768,64,blackhole,riscv_0,252928,L1,multicast_linked,one_to_all,True,False,True,4,0,35191.0,59.59341877184507
65536,64,blackhole,riscv_0,253952,L1,multicast_linked,one_to_all,True,False,True,4,0,69979.0,59.93660955429486
64,256,blackhole,riscv_0,254976,L1,multicast_linked,one_to_all,True,False,True,4,0,6271.0,2.6126614575027904
128,256,blackhole,riscv_0,256000,L1,multicast_linked,one_to_all,True,False,True,4,0,6262.0,5.2328329607154265
256,256,blackhole,riscv_0,257024,L1,multicast_linked,one_to_all,True,False,True,4,0,6270.0,10.45231259968102
512,256,blackhole,riscv_0,258048,L1,multicast_linked,one_to_all,True,False,True,4,0,6262.0,20.931331842861706
1024,256,blackhole,riscv_0,259072,L1,multicast_linked,one_to_all,True,False,True,4,0,6285.0,41.70946698488465
2048,256,blackhole,riscv_0,260096,L1,multicast_linked,one_to_all,True,False,True,4,0,9872.0,53.10858995137763
4096,256,blackhole,riscv_0,261120,L1,multicast_linked,one_to_all,True,False,True,4,0,18283.0,57.35251326368758
8192,256,blackhole,riscv_0,262144,L1,multicast_linked,one_to_all,True,False,True,4,0,35489.0,59.09301473696075
16384,256,blackhole,riscv_0,263168,L1,multicast_linked,one_to_all,True,False,True,4,0,70009.0,59.91092573811938
32768,256,blackhole,riscv_0,264192,L1,multicast_linked,one_to_all,True,False,True,4,0,139973.0,59.9301865359748
65536,256,blackhole,riscv_0,265216,L1,multicast_linked,one_to_all,True,False,True,4,0,278610.0,60.21756577294426
64,1,blackhole,riscv_0,419840,L1,multicast,one_to_all,True,False,True,9,0,427.0,0.14988290398126464
128,1,blackhole,riscv_0,420864,L1,multicast,one_to_all,True,False,True,9,0,427.0,0.2997658079625293
256,1,blackhole,riscv_0,421888,L1,multicast,one_to_all,True,False,True,9,0,428.0,0.5981308411214953
512,1,blackhole,riscv_0,422912,L1,multicast,one_to_all,True,False,True,9,0,436.0,1.1743119266055047
1024,1,blackhole,riscv_0,423936,L1,multicast,one_to_all,True,False,True,9,0,444.0,2.3063063063063063
2048,1,blackhole,riscv_0,424960,L1,multicast,one_to_all,True,False,True,9,0,459.0,4.461873638344227
4096,1,blackhole,riscv_0,425984,L1,multicast,one_to_all,True,False,True,9,0,499.0,8.208416833667334
8192,1,blackhole,riscv_0,427008,L1,multicast,one_to_all,True,False,True,9,0,572.0,14.321678321678322
16384,1,blackhole,riscv_0,428032,L1,multicast,one_to_all,True,False,True,9,0,707.0,23.173974540311175
32768,1,blackhole,riscv_0,429056,L1,multicast,one_to_all,True,False,True,9,0,1064.0,30.796992481203006
65536,1,blackhole,riscv_0,430080,L1,multicast,one_to_all,True,False,True,9,0,1757.0,37.299943084803644
64,4,blackhole,riscv_0,431104,L1,multicast,one_to_all,True,False,True,9,0,640.0,0.4
128,4,blackhole,riscv_0,432128,L1,multicast,one_to_all,True,False,True,9,0,639.0,0.8012519561815337
256,4,blackhole,riscv_0,433152,L1,multicast,one_to_all,True,False,True,9,0,648.0,1.5802469135802468
512,4,blackhole,riscv_0,434176,L1,multicast,one_to_all,True,False,True,9,0,665.0,3.079699248120301
1024,4,blackhole,riscv_0,435200,L1,multicast,one_to_all,True,False,True,9,0,710.0,5.769014084507043
2048,4,blackhole,riscv_0,436224,L1,multicast,one_to_all,True,False,True,9,0,776.0,10.556701030927835
4096,4,blackhole,riscv_0,437248,L1,multicast,one_to_all,True,False,True,9,0,913.0,17.94523548740416
8192,4,blackhole,riscv_0,438272,L1,multicast,one_to_all,True,False,True,9,0,1238.0,26.468497576736674
16384,4,blackhole,riscv_0,439296,L1,multicast,one_to_all,True,False,True,9,0,1759.0,37.257532689027855
32768,4,blackhole,riscv_0,440320,L1,multicast,one_to_all,True,False,True,9,0,3176.0,41.269521410579344
65536,4,blackhole,riscv_0,441344,L1,multicast,one_to_all,True,False,True,9,0,5887.0,44.529301851537284
64,16,blackhole,riscv_0,442368,L1,multicast,one_to_all,True,False,True,9,0,1494.0,0.6854082998661312
128,16,blackhole,riscv_0,443392,L1,multicast,one_to_all,True,False,True,9,0,1506.0,1.3598937583001327
256,16,blackhole,riscv_0,444416,L1,multicast,one_to_all,True,False,True,9,0,1540.0,2.6597402597402597
512,16,blackhole,riscv_0,445440,L1,multicast,one_to_all,True,False,True,9,0,1602.0,5.1136079900124844
1024,16,blackhole,riscv_0,446464,L1,multicast,one_to_all,True,False,True,9,0,1773.0,9.240834743372815
2048,16,blackhole,riscv_0,447488,L1,multicast,one_to_all,True,False,True,9,0,2019.0,16.22981674096087
4096,16,blackhole,riscv_0,448512,L1,multicast,one_to_all,True,False,True,9,0,2618.0,25.03284950343774
8192,16,blackhole,riscv_0,449536,L1,multicast,one_to_all,True,False,True,9,0,3700.0,35.424864864864865
16384,16,blackhole,riscv_0,450560,L1,multicast,one_to_all,True,False,True,9,0,5884.0,44.552005438477224
32768,16,blackhole,riscv_0,451584,L1,multicast,one_to_all,True,False,True,9,0,11405.0,45.97001315212626
65536,16,blackhole,riscv_0,452608,L1,multicast,one_to_all,True,False,True,9,0,22418.0,46.77384244803283
64,64,blackhole,riscv_0,453632,L1,multicast,one_to_all,True,False,True,9,0,4899.0,0.8360889977546438
128,64,blackhole,riscv_0,454656,L1,multicast,one_to_all,True,False,True,9,0,4971.0,1.647958157312412
256,64,blackhole,riscv_0,455680,L1,multicast,one_to_all,True,False,True,9,0,5090.0,3.218860510805501
512,64,blackhole,riscv_0,456704,L1,multicast,one_to_all,True,False,True,9,0,5351.0,6.12371519342179
1024,64,blackhole,riscv_0,457728,L1,multicast,one_to_all,True,False,True,9,0,6017.0,10.891806548113678
2048,64,blackhole,riscv_0,458752,L1,multicast,one_to_all,True,False,True,9,0,6996.0,18.735277301315037
4096,64,blackhole,riscv_0,459776,L1,multicast,one_to_all,True,False,True,9,0,9423.0,27.81959036400297
8192,64,blackhole,riscv_0,460800,L1,multicast,one_to_all,True,False,True,9,0,13655.0,38.39531307213475
16384,64,blackhole,riscv_0,461824,L1,multicast,one_to_all,True,False,True,9,0,22426.0,46.75715687148845
32768,64,blackhole,riscv_0,462848,L1,multicast,one_to_all,True,False,True,9,0,44409.0,47.22358080569254
65536,64,blackhole,riscv_0,463872,L1,multicast,one_to_all,True,False,True,9,0,88522.0,47.381487087955534
64,256,blackhole,riscv_0,464896,L1,multicast,one_to_all,True,False,True,9,0,18532.0,0.8840923807468163
128,256,blackhole,riscv_0,465920,L1,multicast,one_to_all,True,False,True,9,0,18787.0,1.7441848086442753
256,256,blackhole,riscv_0,466944,L1,multicast,one_to_all,True,False,True,9,0,19301.0,3.395471737215688
512,256,blackhole,riscv_0,467968,L1,multicast,one_to_all,True,False,True,9,0,20326.0,6.448489619206927
1024,256,blackhole,riscv_0,468992,L1,multicast,one_to_all,True,False,True,9,0,23003.0,11.396078772334043
2048,256,blackhole,riscv_0,470016,L1,multicast,one_to_all,True,False,True,9,0,27036.0,19.392217783695813
4096,256,blackhole,riscv_0,471040,L1,multicast,one_to_all,True,False,True,9,0,36693.0,28.57700378818848
8192,256,blackhole,riscv_0,472064,L1,multicast,one_to_all,True,False,True,9,0,53419.0,39.258540968569235
16384,256,blackhole,riscv_0,473088,L1,multicast,one_to_all,True,False,True,9,0,88562.0,47.36008671890879
32768,256,blackhole,riscv_0,474112,L1,multicast,one_to_all,True,False,True,9,0,176359.0,47.56552259878997
65536,256,blackhole,riscv_0,475136,L1,multicast,one_to_all,True,False,True,9,0,352683.0,47.570242966063006
64,1,blackhole,riscv_0,532480,L1,multicast_linked,one_to_all,True,False,True,9,0,427.0,0.14988290398126464
128,1,blackhole,riscv_0,533504,L1,multicast_linked,one_to_all,True,False,True,9,0,427.0,0.2997658079625293
256,1,blackhole,riscv_0,534528,L1,multicast_linked,one_to_all,True,False,True,9,0,427.0,0.5995316159250585
512,1,blackhole,riscv_0,535552,L1,multicast_linked,one_to_all,True,False,True,9,0,437.0,1.17162471395881
1024,1,blackhole,riscv_0,536576,L1,multicast_linked,one_to_all,True,False,True,9,0,442.0,2.316742081447964
2048,1,blackhole,riscv_0,537600,L1,multicast_linked,one_to_all,True,False,True,9,0,462.0,4.432900432900433
4096,1,blackhole,riscv_0,538624,L1,multicast_linked,one_to_all,True,False,True,9,0,499.0,8.208416833667334
8192,1,blackhole,riscv_0,539648,L1,multicast_linked,one_to_all,True,False,True,9,0,570.0,14.371929824561404
16384,1,blackhole,riscv_0,540672,L1,multicast_linked,one_to_all,True,False,True,9,0,709.0,23.108603667136812
32768,1,blackhole,riscv_0,541696,L1,multicast_linked,one_to_all,True,False,True,9,0,1063.0,30.825964252116652
65536,1,blackhole,riscv_0,542720,L1,multicast_linked,one_to_all,True,False,True,9,0,1770.0,37.02598870056497
64,4,blackhole,riscv_0,543744,L1,multicast_linked,one_to_all,True,False,True,9,0,494.0,0.5182186234817814
128,4,blackhole,riscv_0,544768,L1,multicast_linked,one_to_all,True,False,True,9,0,503.0,1.0178926441351888
256,4,blackhole,riscv_0,545792,L1,multicast_linked,one_to_all,True,False,True,9,0,502.0,2.039840637450199
512,4,blackhole,riscv_0,546816,L1,multicast_linked,one_to_all,True,False,True,9,0,502.0,4.079681274900398
1024,4,blackhole,riscv_0,547840,L1,multicast_linked,one_to_all,True,False,True,9,0,527.0,7.772296015180266
2048,4,blackhole,riscv_0,548864,L1,multicast_linked,one_to_all,True,False,True,9,0,581.0,14.099827882960414
4096,4,blackhole,riscv_0,549888,L1,multicast_linked,one_to_all,True,False,True,9,0,711.0,23.043600562587905
8192,4,blackhole,riscv_0,550912,L1,multicast_linked,one_to_all,True,False,True,9,0,995.0,32.93266331658292
16384,4,blackhole,riscv_0,551936,L1,multicast_linked,one_to_all,True,False,True,9,0,1586.0,41.32156368221942
32768,4,blackhole,riscv_0,552960,L1,multicast_linked,one_to_all,True,False,True,9,0,2758.0,47.52429296591733
65536,4,blackhole,riscv_0,553984,L1,multicast_linked,one_to_all,True,False,True,9,0,5080.0,51.60314960629921
64,16,blackhole,riscv_0,555008,L1,multicast_linked,one_to_all,True,False,True,9,0,771.0,1.3281452658884565
128,16,blackhole,riscv_0,556032,L1,multicast_linked,one_to_all,True,False,True,9,0,795.0,2.5761006289308175
256,16,blackhole,riscv_0,557056,L1,multicast_linked,one_to_all,True,False,True,9,0,789.0,5.191381495564005
512,16,blackhole,riscv_0,558080,L1,multicast_linked,one_to_all,True,False,True,9,0,786.0,10.422391857506362
1024,16,blackhole,riscv_0,559104,L1,multicast_linked,one_to_all,True,False,True,9,0,810.0,20.22716049382716
2048,16,blackhole,riscv_0,560128,L1,multicast_linked,one_to_all,True,False,True,9,0,1072.0,30.567164179104477
4096,16,blackhole,riscv_0,561152,L1,multicast_linked,one_to_all,True,False,True,9,0,1627.0,40.28027043638598
8192,16,blackhole,riscv_0,562176,L1,multicast_linked,one_to_all,True,False,True,9,0,2715.0,48.27697974217311
16384,16,blackhole,riscv_0,563200,L1,multicast_linked,one_to_all,True,False,True,9,0,4912.0,53.36807817589577
32768,16,blackhole,riscv_0,564224,L1,multicast_linked,one_to_all,True,False,True,9,0,9343.0,56.11559456277427
65536,16,blackhole,riscv_0,565248,L1,multicast_linked,one_to_all,True,False,True,9,0,18419.0,56.92904066453119
64,64,blackhole,riscv_0,566272,L1,multicast_linked,one_to_all,True,False,True,9,0,1876.0,2.183368869936034
128,64,blackhole,riscv_0,567296,L1,multicast_linked,one_to_all,True,False,True,9,0,1882.0,4.352816153028693
256,64,blackhole,riscv_0,568320,L1,multicast_linked,one_to_all,True,False,True,9,0,1906.0,8.59601259181532
512,64,blackhole,riscv_0,569344,L1,multicast_linked,one_to_all,True,False,True,9,0,1885.0,17.383554376657823
1024,64,blackhole,riscv_0,570368,L1,multicast_linked,one_to_all,True,False,True,9,0,2094.0,31.297039159503342
2048,64,blackhole,riscv_0,571392,L1,multicast_linked,one_to_all,True,False,True,9,0,3098.0,42.308586184635246
4096,64,blackhole,riscv_0,572416,L1,multicast_linked,one_to_all,True,False,True,9,0,5240.0,50.027480916030534
8192,64,blackhole,riscv_0,573440,L1,multicast_linked,one_to_all,True,False,True,9,0,9553.0,54.88202658850623
16384,64,blackhole,riscv_0,574464,L1,multicast_linked,one_to_all,True,False,True,9,0,18146.0,57.78551746941475
32768,64,blackhole,riscv_0,575488,L1,multicast_linked,one_to_all,True,False,True,9,0,36107.0,58.08159082726341
65536,64,blackhole,riscv_0,576512,L1,multicast_linked,one_to_all,True,False,True,9,0,71545.0,58.62469774267943
64,256,blackhole,riscv_0,577536,L1,multicast_linked,one_to_all,True,False,True,9,0,6292.0,2.603941513032422
128,256,blackhole,riscv_0,578560,L1,multicast_linked,one_to_all,True,False,True,9,0,6301.0,5.200444373908903
256,256,blackhole,riscv_0,579584,L1,multicast_linked,one_to_all,True,False,True,9,0,6303.0,10.397588449944472
512,256,blackhole,riscv_0,580608,L1,multicast_linked,one_to_all,True,False,True,9,0,6301.0,20.801777495635612
1024,256,blackhole,riscv_0,581632,L1,multicast_linked,one_to_all,True,False,True,9,0,7140.0,36.71484593837535
2048,256,blackhole,riscv_0,582656,L1,multicast_linked,one_to_all,True,False,True,9,0,11204.0,46.79471617279543
4096,256,blackhole,riscv_0,583680,L1,multicast_linked,one_to_all,True,False,True,9,0,19680.0,53.28130081300813
8192,256,blackhole,riscv_0,584704,L1,multicast_linked,one_to_all,True,False,True,9,0,36908.0,56.8210686030129
16384,256,blackhole,riscv_0,585728,L1,multicast_linked,one_to_all,True,False,True,9,0,71369.0,58.76926957082207
32768,256,blackhole,riscv_0,586752,L1,multicast_linked,one_to_all,True,False,True,9,0,142250.0,58.97088224956063
65536,256,blackhole,riscv_0,587776,L1,multicast_linked,one_to_all,True,False,True,9,0,285116.0,58.84347423504819
64,1,blackhole,riscv_0,742400,L1,multicast,one_to_all,True,False,True,25,0,499.0,0.1282565130260521
128,1,blackhole,riscv_0,743424,L1,multicast,one_to_all,True,False,True,25,0,499.0,0.2565130260521042
256,1,blackhole,riscv_0,744448,L1,multicast,one_to_all,True,False,True,25,0,500.0,0.512
512,1,blackhole,riscv_0,745472,L1,multicast,one_to_all,True,False,True,25,0,500.0,1.024
1024,1,blackhole,riscv_0,746496,L1,multicast,one_to_all,True,False,True,25,0,515.0,1.9883495145631067
2048,1,blackhole,riscv_0,747520,L1,multicast,one_to_all,True,False,True,25,0,531.0,3.8568738229755177
4096,1,blackhole,riscv_0,748544,L1,multicast,one_to_all,True,False,True,25,0,564.0,7.26241134751773
8192,1,blackhole,riscv_0,749568,L1,multicast,one_to_all,True,False,True,25,0,636.0,12.880503144654089
16384,1,blackhole,riscv_0,750592,L1,multicast,one_to_all,True,False,True,25,0,779.0,21.03209242618742
32768,1,blackhole,riscv_0,751616,L1,multicast,one_to_all,True,False,True,25,0,1216.0,26.94736842105263
65536,1,blackhole,riscv_0,752640,L1,multicast,one_to_all,True,False,True,25,0,2207.0,29.694608065246943
64,4,blackhole,riscv_0,753664,L1,multicast,one_to_all,True,False,True,25,0,896.0,0.2857142857142857
128,4,blackhole,riscv_0,754688,L1,multicast,one_to_all,True,False,True,25,0,903.0,0.5669988925802879
256,4,blackhole,riscv_0,755712,L1,multicast,one_to_all,True,False,True,25,0,927.0,1.104638619201726
512,4,blackhole,riscv_0,756736,L1,multicast,one_to_all,True,False,True,25,0,934.0,2.1927194860813706
1024,4,blackhole,riscv_0,757760,L1,multicast,one_to_all,True,False,True,25,0,967.0,4.235780765253361
2048,4,blackhole,riscv_0,758784,L1,multicast,one_to_all,True,False,True,25,0,1062.0,7.7137476459510355
4096,4,blackhole,riscv_0,759808,L1,multicast,one_to_all,True,False,True,25,0,1210.0,13.540495867768595
8192,4,blackhole,riscv_0,760832,L1,multicast,one_to_all,True,False,True,25,0,1527.0,21.459070072036674
16384,4,blackhole,riscv_0,761856,L1,multicast,one_to_all,True,False,True,25,0,2313.0,28.333765672287072
32768,4,blackhole,riscv_0,762880,L1,multicast,one_to_all,True,False,True,25,0,3797.0,34.51988411904135
65536,4,blackhole,riscv_0,763904,L1,multicast,one_to_all,True,False,True,25,0,7357.0,35.631915182819085
64,16,blackhole,riscv_0,764928,L1,multicast,one_to_all,True,False,True,25,0,2515.0,0.40715705765407556
128,16,blackhole,riscv_0,765952,L1,multicast,one_to_all,True,False,True,25,0,2531.0,0.809166337416041
256,16,blackhole,riscv_0,766976,L1,multicast,one_to_all,True,False,True,25,0,2611.0,1.5687476062811183
512,16,blackhole,riscv_0,768000,L1,multicast,one_to_all,True,False,True,25,0,2725.0,3.0062385321100917
1024,16,blackhole,riscv_0,769024,L1,multicast,one_to_all,True,False,True,25,0,2831.0,5.7873542917696925
2048,16,blackhole,riscv_0,770048,L1,multicast,one_to_all,True,False,True,25,0,3235.0,10.129211746522412
4096,16,blackhole,riscv_0,771072,L1,multicast,one_to_all,True,False,True,25,0,3802.0,17.237243556023145
8192,16,blackhole,riscv_0,772096,L1,multicast,one_to_all,True,False,True,25,0,4913.0,26.678607775290047
16384,16,blackhole,riscv_0,773120,L1,multicast,one_to_all,True,False,True,25,0,7394.0,35.453611035975115
32768,16,blackhole,riscv_0,774144,L1,multicast,one_to_all,True,False,True,25,0,14096.0,37.19409761634506
65536,16,blackhole,riscv_0,775168,L1,multicast,one_to_all,True,False,True,25,0,27809.0,37.70635405803876
64,64,blackhole,riscv_0,776192,L1,multicast,one_to_all,True,False,True,25,0,8995.0,0.4553640911617565
128,64,blackhole,riscv_0,777216,L1,multicast,one_to_all,True,False,True,25,0,9059.0,0.9042940721933989
256,64,blackhole,riscv_0,778240,L1,multicast,one_to_all,True,False,True,25,0,9379.0,1.7468813306322635
512,64,blackhole,riscv_0,779264,L1,multicast,one_to_all,True,False,True,25,0,9850.0,3.326700507614213
1024,64,blackhole,riscv_0,780288,L1,multicast,one_to_all,True,False,True,25,0,10244.0,6.397500976181179
2048,64,blackhole,riscv_0,781312,L1,multicast,one_to_all,True,False,True,25,0,11892.0,11.021863437605113
4096,64,blackhole,riscv_0,782336,L1,multicast,one_to_all,True,False,True,25,0,14194.0,18.468648724813303
8192,64,blackhole,riscv_0,783360,L1,multicast,one_to_all,True,False,True,25,0,18502.0,28.336828450978274
16384,64,blackhole,riscv_0,784384,L1,multicast,one_to_all,True,False,True,25,0,27890.0,37.596844747221226
32768,64,blackhole,riscv_0,785408,L1,multicast,one_to_all,True,False,True,25,0,55306.0,37.919068455502114
65536,64,blackhole,riscv_0,786432,L1,multicast,one_to_all,True,False,True,25,0,110353.0,38.008065027683884
64,256,blackhole,riscv_0,787456,L1,multicast,one_to_all,True,False,True,25,0,34914.0,0.46926734261327835
128,256,blackhole,riscv_0,788480,L1,multicast,one_to_all,True,False,True,25,0,35169.0,0.931729648269783
256,256,blackhole,riscv_0,789504,L1,multicast,one_to_all,True,False,True,25,0,36452.0,1.7978711730494898
512,256,blackhole,riscv_0,790528,L1,multicast,one_to_all,True,False,True,25,0,38364.0,3.4165363361484724
1024,256,blackhole,riscv_0,791552,L1,multicast,one_to_all,True,False,True,25,0,39909.0,6.568543436317623
2048,256,blackhole,riscv_0,792576,L1,multicast,one_to_all,True,False,True,25,0,46530.0,11.267741242209327
4096,256,blackhole,riscv_0,793600,L1,multicast,one_to_all,True,False,True,25,0,55652.0,18.841658880184
8192,256,blackhole,riscv_0,794624,L1,multicast,one_to_all,True,False,True,25,0,73195.0,28.6515745611039
16384,256,blackhole,riscv_0,795648,L1,multicast,one_to_all,True,False,True,25,0,110142.0,38.08087741279439
32768,256,blackhole,riscv_0,796672,L1,multicast,one_to_all,True,False,True,25,0,220253.0,38.08623719086687
65536,256,blackhole,riscv_0,797696,L1,multicast,one_to_all,True,False,True,25,0,439824.0,38.145294481428934
64,1,blackhole,riscv_0,855040,L1,multicast_linked,one_to_all,True,False,True,25,0,499.0,0.1282565130260521
128,1,blackhole,riscv_0,856064,L1,multicast_linked,one_to_all,True,False,True,25,0,499.0,0.2565130260521042
256,1,blackhole,riscv_0,857088,L1,multicast_linked,one_to_all,True,False,True,25,0,499.0,0.5130260521042084
512,1,blackhole,riscv_0,858112,L1,multicast_linked,one_to_all,True,False,True,25,0,499.0,1.0260521042084167
1024,1,blackhole,riscv_0,859136,L1,multicast_linked,one_to_all,True,False,True,25,0,507.0,2.019723865877712
2048,1,blackhole,riscv_0,860160,L1,multicast_linked,one_to_all,True,False,True,25,0,531.0,3.8568738229755177
4096,1,blackhole,riscv_0,861184,L1,multicast_linked,one_to_all,True,False,True,25,0,571.0,7.17338003502627
8192,1,blackhole,riscv_0,862208,L1,multicast_linked,one_to_all,True,False,True,25,0,643.0,12.740279937791602
16384,1,blackhole,riscv_0,863232,L1,multicast_linked,one_to_all,True,False,True,25,0,779.0,21.03209242618742
32768,1,blackhole,riscv_0,864256,L1,multicast_linked,one_to_all,True,False,True,25,0,1224.0,26.77124183006536
65536,1,blackhole,riscv_0,865280,L1,multicast_linked,one_to_all,True,False,True,25,0,2078.0,31.53801732435034
64,4,blackhole,riscv_0,866304,L1,multicast_linked,one_to_all,True,False,True,25,0,577.0,0.4436741767764298
128,4,blackhole,riscv_0,867328,L1,multicast_linked,one_to_all,True,False,True,25,0,566.0,0.9045936395759717
256,4,blackhole,riscv_0,868352,L1,multicast_linked,one_to_all,True,False,True,25,0,570.0,1.7964912280701755
512,4,blackhole,riscv_0,869376,L1,multicast_linked,one_to_all,True,False,True,25,0,574.0,3.56794425087108
1024,4,blackhole,riscv_0,870400,L1,multicast_linked,one_to_all,True,False,True,25,0,591.0,6.930626057529611
2048,4,blackhole,riscv_0,871424,L1,multicast_linked,one_to_all,True,False,True,25,0,653.0,12.545176110260337
4096,4,blackhole,riscv_0,872448,L1,multicast_linked,one_to_all,True,False,True,25,0,791.0,20.713021491782555
8192,4,blackhole,riscv_0,873472,L1,multicast_linked,one_to_all,True,False,True,25,0,1140.0,28.743859649122808
16384,4,blackhole,riscv_0,874496,L1,multicast_linked,one_to_all,True,False,True,25,0,1698.0,38.59599528857479
32768,4,blackhole,riscv_0,875520,L1,multicast_linked,one_to_all,True,False,True,25,0,3032.0,43.229551451187334
65536,4,blackhole,riscv_0,876544,L1,multicast_linked,one_to_all,True,False,True,25,0,5711.0,45.901593416214325
64,16,blackhole,riscv_0,877568,L1,multicast_linked,one_to_all,True,False,True,25,0,843.0,1.2147093712930013
128,16,blackhole,riscv_0,878592,L1,multicast_linked,one_to_all,True,False,True,25,0,843.0,2.4294187425860025
256,16,blackhole,riscv_0,879616,L1,multicast_linked,one_to_all,True,False,True,25,0,851.0,4.81316098707403
512,16,blackhole,riscv_0,880640,L1,multicast_linked,one_to_all,True,False,True,25,0,866.0,9.459584295612009
1024,16,blackhole,riscv_0,881664,L1,multicast_linked,one_to_all,True,False,True,25,0,962.0,17.031185031185032
2048,16,blackhole,riscv_0,882688,L1,multicast_linked,one_to_all,True,False,True,25,0,1314.0,24.93759512937595
4096,16,blackhole,riscv_0,883712,L1,multicast_linked,one_to_all,True,False,True,25,0,1900.0,34.49263157894737
8192,16,blackhole,riscv_0,884736,L1,multicast_linked,one_to_all,True,False,True,25,0,3146.0,41.663064208518755
16384,16,blackhole,riscv_0,885760,L1,multicast_linked,one_to_all,True,False,True,25,0,5304.0,49.4238310708899
32768,16,blackhole,riscv_0,886784,L1,multicast_linked,one_to_all,True,False,True,25,0,10244.0,51.180007809449435
65536,16,blackhole,riscv_0,887808,L1,multicast_linked,one_to_all,True,False,True,25,0,20058.0,52.27719613121946
64,64,blackhole,riscv_0,888832,L1,multicast_linked,one_to_all,True,False,True,25,0,2115.0,1.936643026004728
128,64,blackhole,riscv_0,889856,L1,multicast_linked,one_to_all,True,False,True,25,0,2170.0,3.775115207373272
256,64,blackhole,riscv_0,890880,L1,multicast_linked,one_to_all,True,False,True,25,0,2268.0,7.223985890652557
512,64,blackhole,riscv_0,891904,L1,multicast_linked,one_to_all,True,False,True,25,0,2479.0,13.218233158531666
1024,64,blackhole,riscv_0,892928,L1,multicast_linked,one_to_all,True,False,True,25,0,2920.0,22.443835616438356
2048,64,blackhole,riscv_0,893952,L1,multicast_linked,one_to_all,True,False,True,25,0,4105.0,31.929841656516444
4096,64,blackhole,riscv_0,894976,L1,multicast_linked,one_to_all,True,False,True,25,0,6288.0,41.68956743002545
8192,64,blackhole,riscv_0,896000,L1,multicast_linked,one_to_all,True,False,True,25,0,11190.0,46.8532618409294
16384,64,blackhole,riscv_0,897024,L1,multicast_linked,one_to_all,True,False,True,25,0,19664.0,53.3246541903987
32768,64,blackhole,riscv_0,898048,L1,multicast_linked,one_to_all,True,False,True,25,0,38977.0,53.80485927598327
65536,64,blackhole,riscv_0,899072,L1,multicast_linked,one_to_all,True,False,True,25,0,77701.0,53.98005173678588
64,256,blackhole,riscv_0,900096,L1,multicast_linked,one_to_all,True,False,True,25,0,7315.0,2.2397812713602185
128,256,blackhole,riscv_0,901120,L1,multicast_linked,one_to_all,True,False,True,25,0,7563.0,4.3326722200185115
256,256,blackhole,riscv_0,902144,L1,multicast_linked,one_to_all,True,False,True,25,0,8086.0,8.104872619342073
512,256,blackhole,riscv_0,903168,L1,multicast_linked,one_to_all,True,False,True,25,0,9039.0,14.500719106095808
1024,256,blackhole,riscv_0,904192,L1,multicast_linked,one_to_all,True,False,True,25,0,10985.0,23.86381429221666
2048,256,blackhole,riscv_0,905216,L1,multicast_linked,one_to_all,True,False,True,25,0,15275.0,34.32327332242226
4096,256,blackhole,riscv_0,906240,L1,multicast_linked,one_to_all,True,False,True,25,0,23814.0,44.031914000167966
8192,256,blackhole,riscv_0,907264,L1,multicast_linked,one_to_all,True,False,True,25,0,43464.0,48.25032210565065
16384,256,blackhole,riscv_0,908288,L1,multicast_linked,one_to_all,True,False,True,25,0,77407.0,54.18507370134484
32768,256,blackhole,riscv_0,909312,L1,multicast_linked,one_to_all,True,False,True,25,0,154436.0,54.31769794607475
65536,256,blackhole,riscv_0,910336,L1,multicast_linked,one_to_all,True,False,True,25,0,308608.0,54.36416424720033
64,1,blackhole,riscv_0,1064960,L1,multicast,one_to_all,True,False,True,64,0,676.0,0.09467455621301775
128,1,blackhole,riscv_0,1065984,L1,multicast,one_to_all,True,False,True,64,0,667.0,0.191904047976012
256,1,blackhole,riscv_0,1067008,L1,multicast,one_to_all,True,False,True,64,0,679.0,0.37702503681885124
512,1,blackhole,riscv_0,1068032,L1,multicast,one_to_all,True,False,True,64,0,675.0,0.7585185185185185
1024,1,blackhole,riscv_0,1069056,L1,multicast,one_to_all,True,False,True,64,0,690.0,1.4840579710144928
2048,1,blackhole,riscv_0,1070080,L1,multicast,one_to_all,True,False,True,64,0,700.0,2.9257142857142857
4096,1,blackhole,riscv_0,1071104,L1,multicast,one_to_all,True,False,True,64,0,740.0,5.535135135135135
8192,1,blackhole,riscv_0,1072128,L1,multicast,one_to_all,True,False,True,64,0,807.0,10.151177199504337
16384,1,blackhole,riscv_0,1073152,L1,multicast,one_to_all,True,False,True,64,0,947.0,17.300950369588172
32768,1,blackhole,riscv_0,1074176,L1,multicast,one_to_all,True,False,True,64,0,1553.0,21.099806825499034
65536,1,blackhole,riscv_0,1075200,L1,multicast,one_to_all,True,False,True,64,0,2727.0,24.032269893656032
64,4,blackhole,riscv_0,1076224,L1,multicast,one_to_all,True,False,True,64,0,1550.0,0.16516129032258065
128,4,blackhole,riscv_0,1077248,L1,multicast,one_to_all,True,False,True,64,0,1559.0,0.32841565105837073
256,4,blackhole,riscv_0,1078272,L1,multicast,one_to_all,True,False,True,64,0,1575.0,0.6501587301587302
512,4,blackhole,riscv_0,1079296,L1,multicast,one_to_all,True,False,True,64,0,1600.0,1.28
1024,4,blackhole,riscv_0,1080320,L1,multicast,one_to_all,True,False,True,64,0,1656.0,2.473429951690821
2048,4,blackhole,riscv_0,1081344,L1,multicast,one_to_all,True,False,True,64,0,1761.0,4.651902328222601
4096,4,blackhole,riscv_0,1082368,L1,multicast,one_to_all,True,False,True,64,0,1895.0,8.645910290237467
8192,4,blackhole,riscv_0,1083392,L1,multicast,one_to_all,True,False,True,64,0,2170.0,15.100460829493088
16384,4,blackhole,riscv_0,1084416,L1,multicast,one_to_all,True,False,True,64,0,3010.0,21.772757475083058
32768,4,blackhole,riscv_0,1085440,L1,multicast,one_to_all,True,False,True,64,0,5097.0,25.715518932705514
65536,4,blackhole,riscv_0,1086464,L1,multicast,one_to_all,True,False,True,64,0,9821.0,26.692190204663476
64,16,blackhole,riscv_0,1087488,L1,multicast,one_to_all,True,False,True,64,0,5090.0,0.2011787819253438
128,16,blackhole,riscv_0,1088512,L1,multicast,one_to_all,True,False,True,64,0,5124.0,0.39968774395003903
256,16,blackhole,riscv_0,1089536,L1,multicast,one_to_all,True,False,True,64,0,5188.0,0.7895142636854279
512,16,blackhole,riscv_0,1090560,L1,multicast,one_to_all,True,False,True,64,0,5308.0,1.543330821401658
1024,16,blackhole,riscv_0,1091584,L1,multicast,one_to_all,True,False,True,64,0,5556.0,2.948884089272858
2048,16,blackhole,riscv_0,1092608,L1,multicast,one_to_all,True,False,True,64,0,6012.0,5.45043246839654
4096,16,blackhole,riscv_0,1093632,L1,multicast,one_to_all,True,False,True,64,0,6547.0,10.010080953108293
8192,16,blackhole,riscv_0,1094656,L1,multicast,one_to_all,True,False,True,64,0,7939.0,16.509887895200908
16384,16,blackhole,riscv_0,1095680,L1,multicast,one_to_all,True,False,True,64,0,9809.0,26.724844530533183
32768,16,blackhole,riscv_0,1096704,L1,multicast,one_to_all,True,False,True,64,0,19259.0,27.223012617477544
65536,16,blackhole,riscv_0,1097728,L1,multicast,one_to_all,True,False,True,64,0,38157.0,27.48056713053961
64,64,blackhole,riscv_0,1098752,L1,multicast,one_to_all,True,False,True,64,0,19252.0,0.21275711614377726
128,64,blackhole,riscv_0,1099776,L1,multicast,one_to_all,True,False,True,64,0,19378.0,0.42274744555681704
256,64,blackhole,riscv_0,1100800,L1,multicast,one_to_all,True,False,True,64,0,19627.0,0.8347684312426759
512,64,blackhole,riscv_0,1101824,L1,multicast,one_to_all,True,False,True,64,0,20143.0,1.6267686044779823
1024,64,blackhole,riscv_0,1102848,L1,multicast,one_to_all,True,False,True,64,0,21155.0,3.0978964783739067
2048,64,blackhole,riscv_0,1103872,L1,multicast,one_to_all,True,False,True,64,0,23000.0,5.698782608695653
4096,64,blackhole,riscv_0,1104896,L1,multicast,one_to_all,True,False,True,64,0,25130.0,10.431516116195782
8192,64,blackhole,riscv_0,1105920,L1,multicast,one_to_all,True,False,True,64,0,29795.0,17.59650948145662
16384,64,blackhole,riscv_0,1106944,L1,multicast,one_to_all,True,False,True,64,0,38175.0,27.467609692206942
32768,64,blackhole,riscv_0,1107968,L1,multicast,one_to_all,True,False,True,64,0,76066.0,27.570162753398364
65536,64,blackhole,riscv_0,1108992,L1,multicast,one_to_all,True,False,True,64,0,151482.0,27.68846463606237
64,256,blackhole,riscv_0,1110016,L1,multicast,one_to_all,True,False,True,64,0,75890.0,0.21589142179470286
128,256,blackhole,riscv_0,1111040,L1,multicast,one_to_all,True,False,True,64,0,76403.0,0.42888368257790926
256,256,blackhole,riscv_0,1112064,L1,multicast,one_to_all,True,False,True,64,0,77427.0,0.8464230823872809
512,256,blackhole,riscv_0,1113088,L1,multicast,one_to_all,True,False,True,64,0,79468.0,1.6493682991896108
1024,256,blackhole,riscv_0,1114112,L1,multicast,one_to_all,True,False,True,64,0,83555.0,3.1373825623840585
2048,256,blackhole,riscv_0,1115136,L1,multicast,one_to_all,True,False,True,64,0,90963.0,5.7637500961929575
4096,256,blackhole,riscv_0,1116160,L1,multicast,one_to_all,True,False,True,64,0,99803.0,10.506457721711772
8192,256,blackhole,riscv_0,1117184,L1,multicast,one_to_all,True,False,True,64,0,117197.0,17.894246439755285
16384,256,blackhole,riscv_0,1118208,L1,multicast,one_to_all,True,False,True,64,0,151619.0,27.663445874197826
32768,256,blackhole,riscv_0,1119232,L1,multicast,one_to_all,True,False,True,64,0,302584.0,27.72323718372419
65536,256,blackhole,riscv_0,1120256,L1,multicast,one_to_all,True,False,True,64,0,606344.0,27.66946815668993
64,1,blackhole,riscv_0,1177600,L1,multicast_linked,one_to_all,True,False,True,64,0,667.0,0.095952023988006
128,1,blackhole,riscv_0,1178624,L1,multicast_linked,one_to_all,True,False,True,64,0,667.0,0.191904047976012
256,1,blackhole,riscv_0,1179648,L1,multicast_linked,one_to_all,True,False,True,64,0,676.0,0.378698224852071
512,1,blackhole,riscv_0,1180672,L1,multicast_linked,one_to_all,True,False,True,64,0,675.0,0.7585185185185185
1024,1,blackhole,riscv_0,1181696,L1,multicast_linked,one_to_all,True,False,True,64,0,683.0,1.499267935578331
2048,1,blackhole,riscv_0,1182720,L1,multicast_linked,one_to_all,True,False,True,64,0,700.0,2.9257142857142857
4096,1,blackhole,riscv_0,1183744,L1,multicast_linked,one_to_all,True,False,True,64,0,731.0,5.60328317373461
8192,1,blackhole,riscv_0,1184768,L1,multicast_linked,one_to_all,True,False,True,64,0,803.0,10.201743462017435
16384,1,blackhole,riscv_0,1185792,L1,multicast_linked,one_to_all,True,False,True,64,0,957.0,17.120167189132708
32768,1,blackhole,riscv_0,1186816,L1,multicast_linked,one_to_all,True,False,True,64,0,1537.0,21.319453480806768
65536,1,blackhole,riscv_0,1187840,L1,multicast_linked,one_to_all,True,False,True,64,0,2727.0,24.032269893656032
64,4,blackhole,riscv_0,1188864,L1,multicast_linked,one_to_all,True,False,True,64,0,815.0,0.3141104294478528
128,4,blackhole,riscv_0,1189888,L1,multicast_linked,one_to_all,True,False,True,64,0,813.0,0.6297662976629766
256,4,blackhole,riscv_0,1190912,L1,multicast_linked,one_to_all,True,False,True,64,0,813.0,1.2595325953259533
512,4,blackhole,riscv_0,1191936,L1,multicast_linked,one_to_all,True,False,True,64,0,816.0,2.5098039215686274
1024,4,blackhole,riscv_0,1192960,L1,multicast_linked,one_to_all,True,False,True,64,0,825.0,4.964848484848485
2048,4,blackhole,riscv_0,1193984,L1,multicast_linked,one_to_all,True,False,True,64,0,845.0,9.694674556213018
4096,4,blackhole,riscv_0,1195008,L1,multicast_linked,one_to_all,True,False,True,64,0,1024.0,16.0
8192,4,blackhole,riscv_0,1196032,L1,multicast_linked,one_to_all,True,False,True,64,0,1373.0,23.86598689002185
16384,4,blackhole,riscv_0,1197056,L1,multicast_linked,one_to_all,True,False,True,64,0,1973.0,33.21642169285352
32768,4,blackhole,riscv_0,1198080,L1,multicast_linked,one_to_all,True,False,True,64,0,3622.0,36.18774157923799
65536,4,blackhole,riscv_0,1199104,L1,multicast_linked,one_to_all,True,False,True,64,0,6886.0,38.0691257624165
64,16,blackhole,riscv_0,1200128,L1,multicast_linked,one_to_all,True,False,True,64,0,1547.0,0.6619263089851325
128,16,blackhole,riscv_0,1201152,L1,multicast_linked,one_to_all,True,False,True,64,0,1548.0,1.322997416020672
256,16,blackhole,riscv_0,1202176,L1,multicast_linked,one_to_all,True,False,True,64,0,1555.0,2.6340836012861737
512,16,blackhole,riscv_0,1203200,L1,multicast_linked,one_to_all,True,False,True,64,0,1580.0,5.184810126582279
1024,16,blackhole,riscv_0,1204224,L1,multicast_linked,one_to_all,True,False,True,64,0,1663.0,9.85207456404089
2048,16,blackhole,riscv_0,1205248,L1,multicast_linked,one_to_all,True,False,True,64,0,1909.0,17.165007857517026
4096,16,blackhole,riscv_0,1206272,L1,multicast_linked,one_to_all,True,False,True,64,0,2583.0,25.372048006194348
8192,16,blackhole,riscv_0,1207296,L1,multicast_linked,one_to_all,True,False,True,64,0,3873.0,33.84249935450555
16384,16,blackhole,riscv_0,1208320,L1,multicast_linked,one_to_all,True,False,True,64,0,6156.0,42.58349577647823
32768,16,blackhole,riscv_0,1209344,L1,multicast_linked,one_to_all,True,False,True,64,0,11976.0,43.778223112892455
65536,16,blackhole,riscv_0,1210368,L1,multicast_linked,one_to_all,True,False,True,64,0,23521.0,44.58041749925599
64,64,blackhole,riscv_0,1211392,L1,multicast_linked,one_to_all,True,False,True,64,0,4729.0,0.866145062381053
128,64,blackhole,riscv_0,1212416,L1,multicast_linked,one_to_all,True,False,True,64,0,4782.0,1.713090757005437
256,64,blackhole,riscv_0,1213440,L1,multicast_linked,one_to_all,True,False,True,64,0,4879.0,3.3580651772904284
512,64,blackhole,riscv_0,1214464,L1,multicast_linked,one_to_all,True,False,True,64,0,5103.0,6.421320791691162
1024,64,blackhole,riscv_0,1215488,L1,multicast_linked,one_to_all,True,False,True,64,0,5589.0,11.725890141349078
2048,64,blackhole,riscv_0,1216512,L1,multicast_linked,one_to_all,True,False,True,64,0,6561.0,19.97744246303917
4096,64,blackhole,riscv_0,1217536,L1,multicast_linked,one_to_all,True,False,True,64,0,8782.0,29.85014803006149
8192,64,blackhole,riscv_0,1218560,L1,multicast_linked,one_to_all,True,False,True,64,0,13817.0,37.94514004487226
16384,64,blackhole,riscv_0,1219584,L1,multicast_linked,one_to_all,True,False,True,64,0,22859.0,45.871472942823395
32768,64,blackhole,riscv_0,1220608,L1,multicast_linked,one_to_all,True,False,True,64,0,45277.0,46.318263135808465
65536,64,blackhole,riscv_0,1221632,L1,multicast_linked,one_to_all,True,False,True,64,0,90359.0,46.41822065317235
64,256,blackhole,riscv_0,1222656,L1,multicast_linked,one_to_all,True,False,True,64,0,17437.0,0.9396111716464989
128,256,blackhole,riscv_0,1223680,L1,multicast_linked,one_to_all,True,False,True,64,0,17692.0,1.8521365588966765
256,256,blackhole,riscv_0,1224704,L1,multicast_linked,one_to_all,True,False,True,64,0,18154.0,3.6100033050567366
512,256,blackhole,riscv_0,1225728,L1,multicast_linked,one_to_all,True,False,True,64,0,19117.0,6.856305905738348
1024,256,blackhole,riscv_0,1226752,L1,multicast_linked,one_to_all,True,False,True,64,0,21125.0,12.409183431952663
2048,256,blackhole,riscv_0,1227776,L1,multicast_linked,one_to_all,True,False,True,64,0,25193.0,20.810860159568133
4096,256,blackhole,riscv_0,1228800,L1,multicast_linked,one_to_all,True,False,True,64,0,33557.0,31.247608546651964
8192,256,blackhole,riscv_0,1229824,L1,multicast_linked,one_to_all,True,False,True,64,0,53615.0,39.1150237806584
16384,256,blackhole,riscv_0,1230848,L1,multicast_linked,one_to_all,True,False,True,64,0,89542.0,46.841750240110784
32768,256,blackhole,riscv_0,1231872,L1,multicast_linked,one_to_all,True,False,True,64,0,178708.0,46.940304854847014
65536,256,blackhole,riscv_0,1232896,L1,multicast_linked,one_to_all,True,False,True,64,0,357066.0,46.98631625525813
64,109,blackhole,riscv_0,1290240,L1,unicast,one_to_all,True,False,False,109,0,4251.0,1.641025641025641
128,109,blackhole,riscv_0,1291264,L1,unicast,one_to_all,True,False,False,109,0,4224.0,3.303030303030303
256,109,blackhole,riscv_0,1292288,L1,unicast,one_to_all,True,False,False,109,0,4232.0,6.593572778827977
512,109,blackhole,riscv_0,1293312,L1,unicast,one_to_all,True,False,False,109,0,4234.0,13.180916391119508
1024,109,blackhole,riscv_0,1294336,L1,unicast,one_to_all,True,False,False,109,0,4242.0,26.312116925978312
2048,109,blackhole,riscv_0,1295360,L1,unicast,one_to_all,True,False,False,109,0,4254.0,52.475787494123175
4096,109,blackhole,riscv_0,1296384,L1,unicast,one_to_all,True,False,False,109,0,7445.0,59.968300873069175
8192,109,blackhole,riscv_0,1297408,L1,unicast,one_to_all,True,False,False,109,0,14593.0,61.18878914548071
16384,109,blackhole,riscv_0,1298432,L1,unicast,one_to_all,True,False,False,109,0,28831.0,61.94221497693455
32768,109,blackhole,riscv_0,1299456,L1,unicast,one_to_all,True,False,False,109,0,57419.0,62.204357442658356
65536,109,blackhole,riscv_0,1300480,L1,unicast,one_to_all,True,False,False,109,0,115221.0,61.997587245380615
64,436,blackhole,riscv_0,1301504,L1,unicast,one_to_all,True,False,False,109,0,13064.0,2.1359461114513167
128,436,blackhole,riscv_0,1302528,L1,unicast,one_to_all,True,False,False,109,0,13065.0,4.271565250669728
256,436,blackhole,riscv_0,1303552,L1,unicast,one_to_all,True,False,False,109,0,13065.0,8.543130501339457
512,436,blackhole,riscv_0,1304576,L1,unicast,one_to_all,True,False,False,109,0,13080.0,17.066666666666666
1024,436,blackhole,riscv_0,1305600,L1,unicast,one_to_all,True,False,False,109,0,13070.0,34.15944912012242
2048,436,blackhole,riscv_0,1306624,L1,unicast,one_to_all,True,False,False,109,0,14941.0,59.76360350712804
4096,436,blackhole,riscv_0,1307648,L1,unicast,one_to_all,True,False,False,109,0,29026.0,61.52608006614759
8192,436,blackhole,riscv_0,1308672,L1,unicast,one_to_all,True,False,False,109,0,57799.0,61.79539438398588
16384,436,blackhole,riscv_0,1309696,L1,unicast,one_to_all,True,False,False,109,0,114677.0,62.29168883036703
32768,436,blackhole,riscv_0,1310720,L1,unicast,one_to_all,True,False,False,109,0,229698.0,62.198399637785265
65536,436,blackhole,riscv_0,1311744,L1,unicast,one_to_all,True,False,False,109,0,457526.0,62.4526169004603
64,1744,blackhole,riscv_0,1312768,L1,unicast,one_to_all,True,False,False,109,0,43186.0,2.5845412865280415
128,1744,blackhole,riscv_0,1313792,L1,unicast,one_to_all,True,False,False,109,0,43199.0,5.167527026088567
256,1744,blackhole,riscv_0,1314816,L1,unicast,one_to_all,True,False,False,109,0,43185.0,10.338404538612945
512,1744,blackhole,riscv_0,1315840,L1,unicast,one_to_all,True,False,False,109,0,43175.0,20.681598147075853
1024,1744,blackhole,riscv_0,1316864,L1,unicast,one_to_all,True,False,False,109,0,43260.0,41.281923254738786
2048,1744,blackhole,riscv_0,1317888,L1,unicast,one_to_all,True,False,False,109,0,59365.0,60.165282573907184
4096,1744,blackhole,riscv_0,1318912,L1,unicast,one_to_all,True,False,False,109,0,115413.0,61.89444863230312
8192,1744,blackhole,riscv_0,1319936,L1,unicast,one_to_all,True,False,False,109,0,229546.0,62.23958596534028
16384,1744,blackhole,riscv_0,1320960,L1,unicast,one_to_all,True,False,False,109,0,458927.0,62.261963231625074
32768,1744,blackhole,riscv_0,1321984,L1,unicast,one_to_all,True,False,False,109,0,915113.0,62.44845390678528
65536,1744,blackhole,riscv_0,1323008,L1,unicast,one_to_all,True,False,False,109,0,1829921.0,62.45886243176618
64,6976,blackhole,riscv_0,1324032,L1,unicast,one_to_all,True,False,False,109,0,163569.0,2.7295147613545354
128,6976,blackhole,riscv_0,1325056,L1,unicast,one_to_all,True,False,False,109,0,163557.0,5.4594300457944325
256,6976,blackhole,riscv_0,1326080,L1,unicast,one_to_all,True,False,False,109,0,163559.0,10.918726575731082
512,6976,blackhole,riscv_0,1327104,L1,unicast,one_to_all,True,False,False,109,0,163607.0,21.831046348872604
1024,6976,blackhole,riscv_0,1328128,L1,unicast,one_to_all,True,False,False,109,0,163547.0,43.678110879441384
2048,6976,blackhole,riscv_0,1329152,L1,unicast,one_to_all,True,False,False,109,0,237258.0,60.2165069249509
4096,6976,blackhole,riscv_0,1330176,L1,unicast,one_to_all,True,False,False,109,0,460772.0,62.0126570190897
8192,6976,blackhole,riscv_0,1331200,L1,unicast,one_to_all,True,False,False,109,0,917505.0,62.285646399747144
16384,6976,blackhole,riscv_0,1332224,L1,unicast,one_to_all,True,False,False,109,0,1828837.0,62.49588344942715
32768,6976,blackhole,riscv_0,1333248,L1,unicast,one_to_all,True,False,False,109,0,3679362.0,62.12750145269751
65536,6976,blackhole,riscv_0,1334272,L1,unicast,one_to_all,True,False,False,109,0,7319926.0,62.45679751407323
64,27904,blackhole,riscv_0,1335296,L1,unicast,one_to_all,True,False,False,109,0,645156.0,2.768099498415887
128,27904,blackhole,riscv_0,1336320,L1,unicast,one_to_all,True,False,False,109,0,645172.0,5.536061701375758
256,27904,blackhole,riscv_0,1337344,L1,unicast,one_to_all,True,False,False,109,0,645173.0,11.07210624127172
512,27904,blackhole,riscv_0,1338368,L1,unicast,one_to_all,True,False,False,109,0,645139.0,22.145379522862516
1024,27904,blackhole,riscv_0,1339392,L1,unicast,one_to_all,True,False,False,109,0,645189.0,44.28732665931998
2048,27904,blackhole,riscv_0,1340416,L1,unicast,one_to_all,True,False,False,109,0,948779.0,60.23256416931656
4096,27904,blackhole,riscv_0,1341440,L1,unicast,one_to_all,True,False,False,109,0,1851307.0,61.7373477224469
8192,27904,blackhole,riscv_0,1342464,L1,unicast,one_to_all,True,False,False,109,0,3669095.0,62.30134897025016
16384,27904,blackhole,riscv_0,1343488,L1,unicast,one_to_all,True,False,False,109,0,7315159.0,62.497498140505215
32768,27904,blackhole,riscv_0,1344512,L1,unicast,one_to_all,True,False,False,109,0,14629660.0,62.50030909809251
65536,27904,blackhole,riscv_0,1345536,L1,unicast,one_to_all,True,False,False,109,0,29352904.0,62.301043331181134
64,109,blackhole,riscv_0,1346560,L1,unicast,one_to_all,True,True,False,109,0,5145.0,1.3558794946550048
128,109,blackhole,riscv_0,1347584,L1,unicast,one_to_all,True,True,False,109,0,5144.0,2.7122861586314153
256,109,blackhole,riscv_0,1348608,L1,unicast,one_to_all,True,True,False,109,0,5146.0,5.422464049747377
512,109,blackhole,riscv_0,1349632,L1,unicast,one_to_all,True,True,False,109,0,5116.0,10.90852228303362
1024,109,blackhole,riscv_0,1350656,L1,unicast,one_to_all,True,True,False,109,0,5133.0,21.744788622637834
2048,109,blackhole,riscv_0,1351680,L1,unicast,one_to_all,True,True,False,109,0,5175.0,43.136618357487926
4096,109,blackhole,riscv_0,1352704,L1,unicast,one_to_all,True,True,False,109,0,7466.0,59.79962496651487
8192,109,blackhole,riscv_0,1353728,L1,unicast,one_to_all,True,True,False,109,0,14611.0,61.11340770652248
64,436,blackhole,riscv_0,1354752,L1,unicast,one_to_all,True,True,False,109,0,13054.0,2.137582350237475
128,436,blackhole,riscv_0,1355776,L1,unicast,one_to_all,True,True,False,109,0,13067.0,4.270911456340399
256,436,blackhole,riscv_0,1356800,L1,unicast,one_to_all,True,True,False,109,0,13068.0,8.541169268441996
512,436,blackhole,riscv_0,1357824,L1,unicast,one_to_all,True,True,False,109,0,13046.0,17.111145178598804
1024,436,blackhole,riscv_0,1358848,L1,unicast,one_to_all,True,True,False,109,0,13054.0,34.2013176037996
2048,436,blackhole,riscv_0,1359872,L1,unicast,one_to_all,True,True,False,109,0,16716.0,53.417564010528835
4096,436,blackhole,riscv_0,1360896,L1,unicast,one_to_all,True,True,False,109,0,29042.0,61.49218373390262
8192,436,blackhole,riscv_0,1361920,L1,unicast,one_to_all,True,True,False,109,0,57692.0,61.91000485335922
64,1744,blackhole,riscv_0,1362944,L1,unicast,one_to_all,True,True,False,109,0,39215.0,2.8462578095116666
128,1744,blackhole,riscv_0,1363968,L1,unicast,one_to_all,True,True,False,109,0,39215.0,5.692515619023333
256,1744,blackhole,riscv_0,1364992,L1,unicast,one_to_all,True,True,False,109,0,39217.0,11.3844506209042
512,1744,blackhole,riscv_0,1366016,L1,unicast,one_to_all,True,True,False,109,0,39205.0,22.77587042469073
1024,1744,blackhole,riscv_0,1367040,L1,unicast,one_to_all,True,True,False,109,0,39244.0,45.50647232697992
2048,1744,blackhole,riscv_0,1368064,L1,unicast,one_to_all,True,True,False,109,0,60129.0,59.40082156696436
4096,1744,blackhole,riscv_0,1369088,L1,unicast,one_to_all,True,True,False,109,0,115451.0,61.87407644801691
8192,1744,blackhole,riscv_0,1370112,L1,unicast,one_to_all,True,True,False,109,0,230222.0,62.056832101189286
64,6976,blackhole,riscv_0,1371136,L1,unicast,one_to_all,True,True,False,109,0,143864.0,3.103375410109548
128,6976,blackhole,riscv_0,1372160,L1,unicast,one_to_all,True,True,False,109,0,143860.0,6.20692339774781
256,6976,blackhole,riscv_0,1373184,L1,unicast,one_to_all,True,True,False,109,0,143870.0,12.412983943838187
512,6976,blackhole,riscv_0,1374208,L1,unicast,one_to_all,True,True,False,109,0,143852.0,24.829074326391012
1024,6976,blackhole,riscv_0,1375232,L1,unicast,one_to_all,True,True,False,109,0,143914.0,49.636755284405965
2048,6976,blackhole,riscv_0,1376256,L1,unicast,one_to_all,True,True,False,109,0,235157.0,60.754508689939065
4096,6976,blackhole,riscv_0,1377280,L1,unicast,one_to_all,True,True,False,109,0,460716.0,62.02019465353927
8192,6976,blackhole,riscv_0,1378304,L1,unicast,one_to_all,True,True,False,109,0,919663.0,62.13949240102081
64,27904,blackhole,riscv_0,1379328,L1,unicast,one_to_all,True,True,False,109,0,562411.0,3.1753575232347875
128,27904,blackhole,riscv_0,1380352,L1,unicast,one_to_all,True,True,False,109,0,562418.0,6.350636003826335
256,27904,blackhole,riscv_0,1381376,L1,unicast,one_to_all,True,True,False,109,0,562415.0,12.701339758007876
512,27904,blackhole,riscv_0,1382400,L1,unicast,one_to_all,True,True,False,109,0,562438.0,25.401640714176494
1024,27904,blackhole,riscv_0,1383424,L1,unicast,one_to_all,True,True,False,109,0,562442.0,50.80292012331938
2048,27904,blackhole,riscv_0,1384448,L1,unicast,one_to_all,True,True,False,109,0,936655.0,61.01221047237243
4096,27904,blackhole,riscv_0,1385472,L1,unicast,one_to_all,True,True,False,109,0,1842160.0,62.04389629565293
8192,27904,blackhole,riscv_0,1386496,L1,unicast,one_to_all,True,True,False,109,0,3677839.0,62.15322856710149
64,1,blackhole,riscv_0,1387520,L1,multicast,one_to_all,True,False,True,110,0,779.0,0.0821566110397946
128,1,blackhole,riscv_0,1388544,L1,multicast,one_to_all,True,False,True,110,0,780.0,0.1641025641025641
256,1,blackhole,riscv_0,1389568,L1,multicast,one_to_all,True,False,True,110,0,779.0,0.3286264441591784
512,1,blackhole,riscv_0,1390592,L1,multicast,one_to_all,True,False,True,110,0,798.0,0.6416040100250626
1024,1,blackhole,riscv_0,1391616,L1,multicast,one_to_all,True,False,True,110,0,795.0,1.2880503144654087
2048,1,blackhole,riscv_0,1392640,L1,multicast,one_to_all,True,False,True,110,0,812.0,2.522167487684729
4096,1,blackhole,riscv_0,1393664,L1,multicast,one_to_all,True,False,True,110,0,843.0,4.858837485172005
8192,1,blackhole,riscv_0,1394688,L1,multicast,one_to_all,True,False,True,110,0,916.0,8.943231441048034
16384,1,blackhole,riscv_0,1395712,L1,multicast,one_to_all,True,False,True,110,0,1060.0,15.456603773584906
32768,1,blackhole,riscv_0,1396736,L1,multicast,one_to_all,True,False,True,110,0,2067.0,15.85292694726657
65536,1,blackhole,riscv_0,1397760,L1,multicast,one_to_all,True,False,True,110,0,3016.0,21.72944297082228
64,4,blackhole,riscv_0,1398784,L1,multicast,one_to_all,True,False,True,110,0,1928.0,0.13278008298755187
128,4,blackhole,riscv_0,1399808,L1,multicast,one_to_all,True,False,True,110,0,1899.0,0.26961558715113215
256,4,blackhole,riscv_0,1400832,L1,multicast,one_to_all,True,False,True,110,0,1905.0,0.5375328083989501
512,4,blackhole,riscv_0,1401856,L1,multicast,one_to_all,True,False,True,110,0,1929.0,1.0616899948159668
1024,4,blackhole,riscv_0,1402880,L1,multicast,one_to_all,True,False,True,110,0,1960.0,2.089795918367347
2048,4,blackhole,riscv_0,1403904,L1,multicast,one_to_all,True,False,True,110,0,2030.0,4.035467980295566
4096,4,blackhole,riscv_0,1404928,L1,multicast,one_to_all,True,False,True,110,0,2190.0,7.481278538812785
8192,4,blackhole,riscv_0,1405952,L1,multicast,one_to_all,True,False,True,110,0,2454.0,13.352893235533822
16384,4,blackhole,riscv_0,1406976,L1,multicast,one_to_all,True,False,True,110,0,3014.0,21.74386197743862
32768,4,blackhole,riscv_0,1408000,L1,multicast,one_to_all,True,False,True,110,0,5599.0,23.409894624040007
65536,4,blackhole,riscv_0,1409024,L1,multicast,one_to_all,True,False,True,110,0,10746.0,24.394565419691048
64,16,blackhole,riscv_0,1410048,L1,multicast,one_to_all,True,False,True,110,0,6373.0,0.1606778597206967
128,16,blackhole,riscv_0,1411072,L1,multicast,one_to_all,True,False,True,110,0,6390.0,0.32050078247261343
256,16,blackhole,riscv_0,1412096,L1,multicast,one_to_all,True,False,True,110,0,6419.0,0.6381056239289609
512,16,blackhole,riscv_0,1413120,L1,multicast,one_to_all,True,False,True,110,0,6484.0,1.2634176434299815
1024,16,blackhole,riscv_0,1414144,L1,multicast,one_to_all,True,False,True,110,0,6617.0,2.4760465467734623
2048,16,blackhole,riscv_0,1415168,L1,multicast,one_to_all,True,False,True,110,0,7269.0,4.5079103040308155
4096,16,blackhole,riscv_0,1416192,L1,multicast,one_to_all,True,False,True,110,0,7854.0,8.344283167812579
8192,16,blackhole,riscv_0,1417216,L1,multicast,one_to_all,True,False,True,110,0,8573.0,15.288930362766827
16384,16,blackhole,riscv_0,1418240,L1,multicast,one_to_all,True,False,True,110,0,10751.0,24.383220165565994
32768,16,blackhole,riscv_0,1419264,L1,multicast,one_to_all,True,False,True,110,0,21468.0,24.421837152971865
65536,16,blackhole,riscv_0,1420288,L1,multicast,one_to_all,True,False,True,110,0,42089.0,24.913302763192284
64,64,blackhole,riscv_0,1421312,L1,multicast,one_to_all,True,False,True,110,0,24276.0,0.16872631405503377
128,64,blackhole,riscv_0,1422336,L1,multicast,one_to_all,True,False,True,110,0,24339.0,0.33657915280003287
256,64,blackhole,riscv_0,1423360,L1,multicast,one_to_all,True,False,True,110,0,24468.0,0.6696092855975151
512,64,blackhole,riscv_0,1424384,L1,multicast,one_to_all,True,False,True,110,0,24726.0,1.3252446817115586
1024,64,blackhole,riscv_0,1425408,L1,multicast,one_to_all,True,False,True,110,0,25243.0,2.596204888483936
2048,64,blackhole,riscv_0,1426432,L1,multicast,one_to_all,True,False,True,110,0,26748.0,4.900254224614924
4096,64,blackhole,riscv_0,1427456,L1,multicast,one_to_all,True,False,True,110,0,29342.0,8.934087655919841
8192,64,blackhole,riscv_0,1428480,L1,multicast,one_to_all,True,False,True,110,0,33014.0,15.88077785182044
16384,64,blackhole,riscv_0,1429504,L1,multicast,one_to_all,True,False,True,110,0,41722.0,25.132448108911365
32768,64,blackhole,riscv_0,1430528,L1,multicast,one_to_all,True,False,True,110,0,83389.0,25.149024451666286
65536,64,blackhole,riscv_0,1431552,L1,multicast,one_to_all,True,False,True,110,0,166454.0,25.197976618164777
64,256,blackhole,riscv_0,1432576,L1,multicast,one_to_all,True,False,True,110,0,95892.0,0.17085888290994036
128,256,blackhole,riscv_0,1433600,L1,multicast,one_to_all,True,False,True,110,0,96148.0,0.3408079211216042
256,256,blackhole,riscv_0,1434624,L1,multicast,one_to_all,True,False,True,110,0,96658.0,0.6780194086366363
512,256,blackhole,riscv_0,1435648,L1,multicast,one_to_all,True,False,True,110,0,97682.0,1.341823467987961
1024,256,blackhole,riscv_0,1436672,L1,multicast,one_to_all,True,False,True,110,0,99811.0,2.6264039033773834
2048,256,blackhole,riscv_0,1437696,L1,multicast,one_to_all,True,False,True,110,0,104341.0,5.024755369413749
4096,256,blackhole,riscv_0,1438720,L1,multicast,one_to_all,True,False,True,110,0,113194.0,9.263529869074333
8192,256,blackhole,riscv_0,1439744,L1,multicast,one_to_all,True,False,True,110,0,131006.0,16.008060699509947
16384,256,blackhole,riscv_0,1440768,L1,multicast,one_to_all,True,False,True,110,0,165672.0,25.316915350813655
32768,256,blackhole,riscv_0,1441792,L1,multicast,one_to_all,True,False,True,110,0,331057.0,25.338863096083152
65536,256,blackhole,riscv_0,1442816,L1,multicast,one_to_all,True,False,True,110,0,661590.0,25.358932269230188
64,1,blackhole,riscv_0,1443840,L1,multicast_linked,one_to_all,True,False,True,110,0,781.0,0.08194622279129321
128,1,blackhole,riscv_0,1444864,L1,multicast_linked,one_to_all,True,False,True,110,0,780.0,0.1641025641025641
256,1,blackhole,riscv_0,1445888,L1,multicast_linked,one_to_all,True,False,True,110,0,779.0,0.3286264441591784
512,1,blackhole,riscv_0,1446912,L1,multicast_linked,one_to_all,True,False,True,110,0,788.0,0.649746192893401
1024,1,blackhole,riscv_0,1447936,L1,multicast_linked,one_to_all,True,False,True,110,0,796.0,1.2864321608040201
2048,1,blackhole,riscv_0,1448960,L1,multicast_linked,one_to_all,True,False,True,110,0,822.0,2.491484184914842
4096,1,blackhole,riscv_0,1449984,L1,multicast_linked,one_to_all,True,False,True,110,0,852.0,4.807511737089202
8192,1,blackhole,riscv_0,1451008,L1,multicast_linked,one_to_all,True,False,True,110,0,916.0,8.943231441048034
16384,1,blackhole,riscv_0,1452032,L1,multicast_linked,one_to_all,True,False,True,110,0,1069.0,15.326473339569691
32768,1,blackhole,riscv_0,1453056,L1,multicast_linked,one_to_all,True,False,True,110,0,1720.0,19.051162790697674
65536,1,blackhole,riscv_0,1454080,L1,multicast_linked,one_to_all,True,False,True,110,0,3016.0,21.72944297082228
64,4,blackhole,riscv_0,1455104,L1,multicast_linked,one_to_all,True,False,True,110,0,1050.0,0.2438095238095238
128,4,blackhole,riscv_0,1456128,L1,multicast_linked,one_to_all,True,False,True,110,0,1045.0,0.48995215311004786
256,4,blackhole,riscv_0,1457152,L1,multicast_linked,one_to_all,True,False,True,110,0,1047.0,0.9780324737344794
512,4,blackhole,riscv_0,1458176,L1,multicast_linked,one_to_all,True,False,True,110,0,1053.0,1.9449192782526117
1024,4,blackhole,riscv_0,1459200,L1,multicast_linked,one_to_all,True,False,True,110,0,1057.0,3.8751182592242195
2048,4,blackhole,riscv_0,1460224,L1,multicast_linked,one_to_all,True,False,True,110,0,1086.0,7.543278084714549
4096,4,blackhole,riscv_0,1461248,L1,multicast_linked,one_to_all,True,False,True,110,0,1182.0,13.861252115059221
8192,4,blackhole,riscv_0,1462272,L1,multicast_linked,one_to_all,True,False,True,110,0,1557.0,21.045600513808605
16384,4,blackhole,riscv_0,1463296,L1,multicast_linked,one_to_all,True,False,True,110,0,2196.0,29.84335154826958
32768,4,blackhole,riscv_0,1464320,L1,multicast_linked,one_to_all,True,False,True,110,0,4062.0,32.267848350566226
65536,4,blackhole,riscv_0,1465344,L1,multicast_linked,one_to_all,True,False,True,110,0,7693.0,34.075653191212794
64,16,blackhole,riscv_0,1466368,L1,multicast_linked,one_to_all,True,False,True,110,0,2323.0,0.44080929832113647
128,16,blackhole,riscv_0,1467392,L1,multicast_linked,one_to_all,True,False,True,110,0,2341.0,0.8748398120461341
256,16,blackhole,riscv_0,1468416,L1,multicast_linked,one_to_all,True,False,True,110,0,2349.0,1.7437207322264794
512,16,blackhole,riscv_0,1469440,L1,multicast_linked,one_to_all,True,False,True,110,0,2382.0,3.4391267842149453
1024,16,blackhole,riscv_0,1470464,L1,multicast_linked,one_to_all,True,False,True,110,0,2472.0,6.627831715210356
2048,16,blackhole,riscv_0,1471488,L1,multicast_linked,one_to_all,True,False,True,110,0,2713.0,12.07814227792112
4096,16,blackhole,riscv_0,1472512,L1,multicast_linked,one_to_all,True,False,True,110,0,3232.0,20.277227722772277
8192,16,blackhole,riscv_0,1473536,L1,multicast_linked,one_to_all,True,False,True,110,0,4452.0,29.44115004492363
16384,16,blackhole,riscv_0,1474560,L1,multicast_linked,one_to_all,True,False,True,110,0,6919.0,37.887556005203066
32768,16,blackhole,riscv_0,1475584,L1,multicast_linked,one_to_all,True,False,True,110,0,13488.0,38.87069988137604
65536,16,blackhole,riscv_0,1476608,L1,multicast_linked,one_to_all,True,False,True,110,0,26514.0,39.54801237082296
64,64,blackhole,riscv_0,1477632,L1,multicast_linked,one_to_all,True,False,True,110,0,7705.0,0.5316028552887735
128,64,blackhole,riscv_0,1478656,L1,multicast_linked,one_to_all,True,False,True,110,0,7763.0,1.0552621409249001
256,64,blackhole,riscv_0,1479680,L1,multicast_linked,one_to_all,True,False,True,110,0,7884.0,2.078132927447996
512,64,blackhole,riscv_0,1480704,L1,multicast_linked,one_to_all,True,False,True,110,0,8102.0,4.04443347321649
1024,64,blackhole,riscv_0,1481728,L1,multicast_linked,one_to_all,True,False,True,110,0,8572.0,7.645356976201587
2048,64,blackhole,riscv_0,1482752,L1,multicast_linked,one_to_all,True,False,True,110,0,9578.0,13.684694090624347
4096,64,blackhole,riscv_0,1483776,L1,multicast_linked,one_to_all,True,False,True,110,0,11649.0,22.50356253755687
8192,64,blackhole,riscv_0,1484800,L1,multicast_linked,one_to_all,True,False,True,110,0,15943.0,32.88515335884087
16384,64,blackhole,riscv_0,1485824,L1,multicast_linked,one_to_all,True,False,True,110,0,25774.0,40.683479475440365
32768,64,blackhole,riscv_0,1486848,L1,multicast_linked,one_to_all,True,False,True,110,0,51197.0,40.96240014063324
65536,64,blackhole,riscv_0,1487872,L1,multicast_linked,one_to_all,True,False,True,110,0,101935.0,41.14684848187571
64,256,blackhole,riscv_0,1488896,L1,multicast_linked,one_to_all,True,False,True,110,0,29220.0,0.5607118412046543
128,256,blackhole,riscv_0,1489920,L1,multicast_linked,one_to_all,True,False,True,110,0,29516.0,1.1101775308307358
256,256,blackhole,riscv_0,1490944,L1,multicast_linked,one_to_all,True,False,True,110,0,29984.0,2.185699039487727
512,256,blackhole,riscv_0,1491968,L1,multicast_linked,one_to_all,True,False,True,110,0,30955.0,4.234275561298659
1024,256,blackhole,riscv_0,1492992,L1,multicast_linked,one_to_all,True,False,True,110,0,32977.0,7.949297995572672
2048,256,blackhole,riscv_0,1494016,L1,multicast_linked,one_to_all,True,False,True,110,0,37037.0,14.155790155790156
4096,256,blackhole,riscv_0,1495040,L1,multicast_linked,one_to_all,True,False,True,110,0,45256.0,23.16987802722291
8192,256,blackhole,riscv_0,1496064,L1,multicast_linked,one_to_all,True,False,True,110,0,61926.0,33.865452314052256
16384,256,blackhole,riscv_0,1497088,L1,multicast_linked,one_to_all,True,False,True,110,0,101235.0,41.43136267101299
32768,256,blackhole,riscv_0,1498112,L1,multicast_linked,one_to_all,True,False,True,110,0,201742.0,41.58087061692657
65536,256,blackhole,riscv_0,1499136,L1,multicast_linked,one_to_all,True,False,True,110,0,403648.0,41.56397653400983
64,4,blackhole,riscv_0,0,L1,unicast,one_to_all,True,False,False,4,0,490.0,0.5224489795918368
128,4,blackhole,riscv_0,1024,L1,unicast,one_to_all,True,False,False,4,0,497.0,1.0301810865191148
256,4,blackhole,riscv_0,2048,L1,unicast,one_to_all,True,False,False,4,0,496.0,2.064516129032258
512,4,blackhole,riscv_0,3072,L1,unicast,one_to_all,True,False,False,4,0,499.0,4.104208416833667
1024,4,blackhole,riscv_0,4096,L1,unicast,one_to_all,True,False,False,4,0,509.0,8.047151277013752
2048,4,blackhole,riscv_0,5120,L1,unicast,one_to_all,True,False,False,4,0,523.0,15.663479923518164
4096,4,blackhole,riscv_0,6144,L1,unicast,one_to_all,True,False,False,4,0,640.0,25.6
8192,4,blackhole,riscv_0,7168,L1,unicast,one_to_all,True,False,False,4,0,901.0,36.3684794672586
16384,4,blackhole,riscv_0,8192,L1,unicast,one_to_all,True,False,False,4,0,1451.0,45.166092350103376
32768,4,blackhole,riscv_0,9216,L1,unicast,one_to_all,True,False,False,4,0,2487.0,52.70285484519501
65536,4,blackhole,riscv_0,10240,L1,unicast,one_to_all,True,False,False,4,0,4611.0,56.85187594881804
64,16,blackhole,riscv_0,11264,L1,unicast,one_to_all,True,False,False,4,0,811.0,1.2626387176325524
128,16,blackhole,riscv_0,12288,L1,unicast,one_to_all,True,False,False,4,0,812.0,2.522167487684729
256,16,blackhole,riscv_0,13312,L1,unicast,one_to_all,True,False,False,4,0,813.0,5.038130381303813
512,16,blackhole,riscv_0,14336,L1,unicast,one_to_all,True,False,False,4,0,821.0,9.978075517661388
1024,16,blackhole,riscv_0,15360,L1,unicast,one_to_all,True,False,False,4,0,828.0,19.78743961352657
2048,16,blackhole,riscv_0,16384,L1,unicast,one_to_all,True,False,False,4,0,920.0,35.61739130434783
4096,16,blackhole,riscv_0,17408,L1,unicast,one_to_all,True,False,False,4,0,1460.0,44.88767123287671
8192,16,blackhole,riscv_0,18432,L1,unicast,one_to_all,True,False,False,4,0,2519.0,52.033346566097656
16384,16,blackhole,riscv_0,19456,L1,unicast,one_to_all,True,False,False,4,0,4605.0,56.92595005428882
32768,16,blackhole,riscv_0,20480,L1,unicast,one_to_all,True,False,False,4,0,8782.0,59.70029606012298
65536,16,blackhole,riscv_0,21504,L1,unicast,one_to_all,True,False,False,4,0,17179.0,61.03824436812387
64,64,blackhole,riscv_0,22528,L1,unicast,one_to_all,True,False,False,4,0,1927.0,2.1255838090295796
128,64,blackhole,riscv_0,23552,L1,unicast,one_to_all,True,False,False,4,0,1927.0,4.251167618059159
256,64,blackhole,riscv_0,24576,L1,unicast,one_to_all,True,False,False,4,0,1927.0,8.502335236118318
512,64,blackhole,riscv_0,25600,L1,unicast,one_to_all,True,False,False,4,0,1935.0,16.934366925064598
1024,64,blackhole,riscv_0,26624,L1,unicast,one_to_all,True,False,False,4,0,1946.0,33.677286742034944
2048,64,blackhole,riscv_0,27648,L1,unicast,one_to_all,True,False,False,4,0,2566.0,51.08028059236165
4096,64,blackhole,riscv_0,28672,L1,unicast,one_to_all,True,False,False,4,0,4623.0,56.704304564135846
8192,64,blackhole,riscv_0,29696,L1,unicast,one_to_all,True,False,False,4,0,8798.0,59.59172539213458
16384,64,blackhole,riscv_0,30720,L1,unicast,one_to_all,True,False,False,4,0,17267.0,60.72716742920021
32768,64,blackhole,riscv_0,31744,L1,unicast,one_to_all,True,False,False,4,0,33870.0,61.91768526719811
65536,64,blackhole,riscv_0,32768,L1,unicast,one_to_all,True,False,False,4,0,67377.0,62.25127268949345
64,256,blackhole,riscv_0,33792,L1,unicast,one_to_all,True,False,False,4,0,6391.0,2.563605069629166
128,256,blackhole,riscv_0,34816,L1,unicast,one_to_all,True,False,False,4,0,6391.0,5.127210139258332
256,256,blackhole,riscv_0,35840,L1,unicast,one_to_all,True,False,False,4,0,6391.0,10.254420278516664
512,256,blackhole,riscv_0,36864,L1,unicast,one_to_all,True,False,False,4,0,6400.0,20.48
1024,256,blackhole,riscv_0,37888,L1,unicast,one_to_all,True,False,False,4,0,6410.0,40.89609984399376
2048,256,blackhole,riscv_0,38912,L1,unicast,one_to_all,True,False,False,4,0,9087.0,57.69648949048091
4096,256,blackhole,riscv_0,39936,L1,unicast,one_to_all,True,False,False,4,0,17279.0,60.684993344522255
8192,256,blackhole,riscv_0,40960,L1,unicast,one_to_all,True,False,False,4,0,34026.0,61.63380943984012
16384,256,blackhole,riscv_0,41984,L1,unicast,one_to_all,True,False,False,4,0,67429.0,62.203265657209805
32768,256,blackhole,riscv_0,43008,L1,unicast,one_to_all,True,False,False,4,0,134934.0,62.16823039411861
65536,256,blackhole,riscv_0,44032,L1,unicast,one_to_all,True,False,False,4,0,268489.0,62.48753580221164
64,1024,blackhole,riscv_0,45056,L1,unicast,one_to_all,True,False,False,4,0,24251.0,2.7024040245763064
128,1024,blackhole,riscv_0,46080,L1,unicast,one_to_all,True,False,False,4,0,24252.0,5.404585188850404
256,1024,blackhole,riscv_0,47104,L1,unicast,one_to_all,True,False,False,4,0,24256.0,10.807387862796833
512,1024,blackhole,riscv_0,48128,L1,unicast,one_to_all,True,False,False,4,0,24263.0,21.608539751885587
1024,1024,blackhole,riscv_0,49152,L1,unicast,one_to_all,True,False,False,4,0,24266.0,43.21173658616995
2048,1024,blackhole,riscv_0,50176,L1,unicast,one_to_all,True,False,False,4,0,35208.0,59.56464439900023
4096,1024,blackhole,riscv_0,51200,L1,unicast,one_to_all,True,False,False,4,0,68079.0,61.60936558997635
8192,1024,blackhole,riscv_0,52224,L1,unicast,one_to_all,True,False,False,4,0,134971.0,62.15118803298486
16384,1024,blackhole,riscv_0,53248,L1,unicast,one_to_all,True,False,False,4,0,268446.0,62.49754513011928
32768,1024,blackhole,riscv_0,54272,L1,unicast,one_to_all,True,False,False,4,0,536640.0,62.52689326177698
65536,1024,blackhole,riscv_0,55296,L1,unicast,one_to_all,True,False,False,4,0,1078824.0,62.20557199320742
64,4,blackhole,riscv_0,56320,L1,unicast,one_to_all,True,True,False,4,0,565.0,0.45309734513274336
128,4,blackhole,riscv_0,57344,L1,unicast,one_to_all,True,True,False,4,0,524.0,0.9770992366412213
256,4,blackhole,riscv_0,58368,L1,unicast,one_to_all,True,True,False,4,0,526.0,1.946768060836502
512,4,blackhole,riscv_0,59392,L1,unicast,one_to_all,True,True,False,4,0,524.0,3.9083969465648853
1024,4,blackhole,riscv_0,60416,L1,unicast,one_to_all,True,True,False,4,0,533.0,7.684803001876173
2048,4,blackhole,riscv_0,61440,L1,unicast,one_to_all,True,True,False,4,0,551.0,14.867513611615244
4096,4,blackhole,riscv_0,62464,L1,unicast,one_to_all,True,True,False,4,0,649.0,25.244992295839754
8192,4,blackhole,riscv_0,63488,L1,unicast,one_to_all,True,True,False,4,0,910.0,36.00879120879121
64,16,blackhole,riscv_0,64512,L1,unicast,one_to_all,True,True,False,4,0,811.0,1.2626387176325524
128,16,blackhole,riscv_0,65536,L1,unicast,one_to_all,True,True,False,4,0,810.0,2.528395061728395
256,16,blackhole,riscv_0,66560,L1,unicast,one_to_all,True,True,False,4,0,812.0,5.044334975369458
512,16,blackhole,riscv_0,67584,L1,unicast,one_to_all,True,True,False,4,0,818.0,10.014669926650367
1024,16,blackhole,riscv_0,68608,L1,unicast,one_to_all,True,True,False,4,0,827.0,19.81136638452237
2048,16,blackhole,riscv_0,69632,L1,unicast,one_to_all,True,True,False,4,0,983.0,33.33468972533062
4096,16,blackhole,riscv_0,70656,L1,unicast,one_to_all,True,True,False,4,0,1446.0,45.322268326417706
8192,16,blackhole,riscv_0,71680,L1,unicast,one_to_all,True,True,False,4,0,2511.0,52.19912385503783
64,64,blackhole,riscv_0,72704,L1,unicast,one_to_all,True,True,False,4,0,1770.0,2.314124293785311
128,64,blackhole,riscv_0,73728,L1,unicast,one_to_all,True,True,False,4,0,1772.0,4.623024830699774
256,64,blackhole,riscv_0,74752,L1,unicast,one_to_all,True,True,False,4,0,1772.0,9.246049661399548
512,64,blackhole,riscv_0,75776,L1,unicast,one_to_all,True,True,False,4,0,1779.0,18.419336706014615
1024,64,blackhole,riscv_0,76800,L1,unicast,one_to_all,True,True,False,4,0,1786.0,36.694288913773796
2048,64,blackhole,riscv_0,77824,L1,unicast,one_to_all,True,True,False,4,0,2587.0,50.66563587166602
4096,64,blackhole,riscv_0,78848,L1,unicast,one_to_all,True,True,False,4,0,4625.0,56.67978378378378
8192,64,blackhole,riscv_0,79872,L1,unicast,one_to_all,True,True,False,4,0,8871.0,59.10134144966746
64,256,blackhole,riscv_0,80896,L1,unicast,one_to_all,True,True,False,4,0,5610.0,2.9204991087344028
128,256,blackhole,riscv_0,81920,L1,unicast,one_to_all,True,True,False,4,0,5611.0,5.83995722687578
256,256,blackhole,riscv_0,82944,L1,unicast,one_to_all,True,True,False,4,0,5610.0,11.681996434937611
512,256,blackhole,riscv_0,83968,L1,unicast,one_to_all,True,True,False,4,0,5617.0,23.334876268470715
1024,256,blackhole,riscv_0,84992,L1,unicast,one_to_all,True,True,False,4,0,5632.0,46.54545454545455
2048,256,blackhole,riscv_0,86016,L1,unicast,one_to_all,True,True,False,4,0,9026.0,58.086417017504985
4096,256,blackhole,riscv_0,87040,L1,unicast,one_to_all,True,True,False,4,0,17282.0,60.674458974655714
8192,256,blackhole,riscv_0,88064,L1,unicast,one_to_all,True,True,False,4,0,34214.0,61.29514233939323
64,1024,blackhole,riscv_0,89088,L1,unicast,one_to_all,True,True,False,4,0,20968.0,3.1255246089278903
128,1024,blackhole,riscv_0,90112,L1,unicast,one_to_all,True,True,False,4,0,20973.0,6.249558956753922
256,1024,blackhole,riscv_0,91136,L1,unicast,one_to_all,True,True,False,4,0,20980.0,12.49494756911344
512,1024,blackhole,riscv_0,92160,L1,unicast,one_to_all,True,True,False,4,0,20982.0,24.987513106472214
1024,1024,blackhole,riscv_0,93184,L1,unicast,one_to_all,True,True,False,4,0,20993.0,49.94884008955366
2048,1024,blackhole,riscv_0,94208,L1,unicast,one_to_all,True,True,False,4,0,34703.0,60.43143244099934
4096,1024,blackhole,riscv_0,95232,L1,unicast,one_to_all,True,True,False,4,0,67980.0,61.69908796704913
8192,1024,blackhole,riscv_0,96256,L1,unicast,one_to_all,True,True,False,4,0,135613.0,61.85696061587016
64,1,blackhole,riscv_0,153600,L1,multicast,one_to_all,True,False,False,4,0,627.0,0.10207336523125997
128,1,blackhole,riscv_0,154624,L1,multicast,one_to_all,True,False,False,4,0,605.0,0.2115702479338843
256,1,blackhole,riscv_0,155648,L1,multicast,one_to_all,True,False,False,4,0,613.0,0.4176182707993475
512,1,blackhole,riscv_0,156672,L1,multicast,one_to_all,True,False,False,4,0,611.0,0.8379705400981997
1024,1,blackhole,riscv_0,157696,L1,multicast,one_to_all,True,False,False,4,0,617.0,1.659643435980551
2048,1,blackhole,riscv_0,158720,L1,multicast,one_to_all,True,False,False,4,0,654.0,3.1314984709480123
4096,1,blackhole,riscv_0,159744,L1,multicast,one_to_all,True,False,False,4,0,684.0,5.988304093567251
8192,1,blackhole,riscv_0,160768,L1,multicast,one_to_all,True,False,False,4,0,742.0,11.040431266846362
16384,1,blackhole,riscv_0,161792,L1,multicast,one_to_all,True,False,False,4,0,876.0,18.703196347031962
32768,1,blackhole,riscv_0,162816,L1,multicast,one_to_all,True,False,False,4,0,1421.0,23.05981703026038
65536,1,blackhole,riscv_0,163840,L1,multicast,one_to_all,True,False,False,4,0,2503.0,26.18298042349181
64,4,blackhole,riscv_0,164864,L1,multicast,one_to_all,True,False,False,4,0,1441.0,0.17765440666204024
128,4,blackhole,riscv_0,165888,L1,multicast,one_to_all,True,False,False,4,0,1439.0,0.3558026407227241
256,4,blackhole,riscv_0,166912,L1,multicast,one_to_all,True,False,False,4,0,1457.0,0.7028140013726836
512,4,blackhole,riscv_0,167936,L1,multicast,one_to_all,True,False,False,4,0,1463.0,1.3998632946001368
1024,4,blackhole,riscv_0,168960,L1,multicast,one_to_all,True,False,False,4,0,1507.0,2.7179827471798275
2048,4,blackhole,riscv_0,169984,L1,multicast,one_to_all,True,False,False,4,0,1582.0,5.178255372945639
4096,4,blackhole,riscv_0,171008,L1,multicast,one_to_all,True,False,False,4,0,1710.0,9.581286549707603
8192,4,blackhole,riscv_0,172032,L1,multicast,one_to_all,True,False,False,4,0,1990.0,16.46633165829146
16384,4,blackhole,riscv_0,173056,L1,multicast,one_to_all,True,False,False,4,0,2703.0,24.2456529781724
32768,4,blackhole,riscv_0,174080,L1,multicast,one_to_all,True,False,False,4,0,4690.0,27.947121535181235
65536,4,blackhole,riscv_0,175104,L1,multicast,one_to_all,True,False,False,4,0,9012.0,29.08832667554372
64,16,blackhole,riscv_0,176128,L1,multicast,one_to_all,True,False,False,4,0,4766.0,0.21485522450692404
128,16,blackhole,riscv_0,177152,L1,multicast,one_to_all,True,False,False,4,0,4780.0,0.42845188284518826
256,16,blackhole,riscv_0,178176,L1,multicast,one_to_all,True,False,False,4,0,4813.0,0.8510284645751091
512,16,blackhole,riscv_0,179200,L1,multicast,one_to_all,True,False,False,4,0,4873.0,1.6810999384362815
1024,16,blackhole,riscv_0,180224,L1,multicast,one_to_all,True,False,False,4,0,5004.0,3.2741806554756194
2048,16,blackhole,riscv_0,181248,L1,multicast,one_to_all,True,False,False,4,0,5268.0,6.220197418375095
4096,16,blackhole,riscv_0,182272,L1,multicast,one_to_all,True,False,False,4,0,5828.0,11.245024021962937
8192,16,blackhole,riscv_0,183296,L1,multicast,one_to_all,True,False,False,4,0,6914.0,18.95747758171825
16384,16,blackhole,riscv_0,184320,L1,multicast,one_to_all,True,False,False,4,0,9103.0,28.79753927276722
32768,16,blackhole,riscv_0,185344,L1,multicast,one_to_all,True,False,False,4,0,17679.0,29.65597601674303
65536,16,blackhole,riscv_0,186368,L1,multicast,one_to_all,True,False,False,4,0,35161.0,29.822132476323198
64,64,blackhole,riscv_0,187392,L1,multicast,one_to_all,True,False,False,4,0,18059.0,0.2268121158425162
128,64,blackhole,riscv_0,188416,L1,multicast,one_to_all,True,False,False,4,0,18123.0,0.452022292114992
256,64,blackhole,riscv_0,189440,L1,multicast,one_to_all,True,False,False,4,0,18250.0,0.8977534246575343
512,64,blackhole,riscv_0,190464,L1,multicast,one_to_all,True,False,False,4,0,18508.0,1.7704776312945754
1024,64,blackhole,riscv_0,191488,L1,multicast,one_to_all,True,False,False,4,0,19029.0,3.4440065163697513
2048,64,blackhole,riscv_0,192512,L1,multicast,one_to_all,True,False,False,4,0,20085.0,6.525865073437889
4096,64,blackhole,riscv_0,193536,L1,multicast,one_to_all,True,False,False,4,0,22265.0,11.773815405344711
8192,64,blackhole,riscv_0,194560,L1,multicast,one_to_all,True,False,False,4,0,26802.0,19.561525259309008
16384,64,blackhole,riscv_0,195584,L1,multicast,one_to_all,True,False,False,4,0,35010.0,29.9507569265924
32768,64,blackhole,riscv_0,196608,L1,multicast,one_to_all,True,False,False,4,0,69651.0,30.109431307518914
65536,64,blackhole,riscv_0,197632,L1,multicast,one_to_all,True,False,False,4,0,139001.0,30.17463183718103
64,256,blackhole,riscv_0,198656,L1,multicast,one_to_all,True,False,False,4,0,71244.0,0.22997024310819156
128,256,blackhole,riscv_0,199680,L1,multicast,one_to_all,True,False,False,4,0,71498.0,0.45830652605667294
256,256,blackhole,riscv_0,200704,L1,multicast,one_to_all,True,False,False,4,0,72028.0,0.9098683845171323
512,256,blackhole,riscv_0,201728,L1,multicast,one_to_all,True,False,False,4,0,73034.0,1.7946709751622532
1024,256,blackhole,riscv_0,202752,L1,multicast,one_to_all,True,False,False,4,0,75123.0,3.4895305033079085
2048,256,blackhole,riscv_0,203776,L1,multicast,one_to_all,True,False,False,4,0,79329.0,6.609033266522961
4096,256,blackhole,riscv_0,204800,L1,multicast,one_to_all,True,False,False,4,0,88023.0,11.912522863342536
8192,256,blackhole,riscv_0,205824,L1,multicast,one_to_all,True,False,False,4,0,105136.0,19.947040024349413
16384,256,blackhole,riscv_0,206848,L1,multicast,one_to_all,True,False,False,4,0,139393.0,30.089774952831203
32768,256,blackhole,riscv_0,207872,L1,multicast,one_to_all,True,False,False,4,0,277809.0,30.195594815142776
65536,256,blackhole,riscv_0,208896,L1,multicast,one_to_all,True,False,False,4,0,555426.0,30.206032846859888
64,1,blackhole,riscv_0,266240,L1,multicast_linked,one_to_all,True,False,False,4,0,604.0,0.10596026490066225
128,1,blackhole,riscv_0,267264,L1,multicast_linked,one_to_all,True,False,False,4,0,611.0,0.20949263502454993
256,1,blackhole,riscv_0,268288,L1,multicast_linked,one_to_all,True,False,False,4,0,613.0,0.4176182707993475
512,1,blackhole,riscv_0,269312,L1,multicast_linked,one_to_all,True,False,False,4,0,611.0,0.8379705400981997
1024,1,blackhole,riscv_0,270336,L1,multicast_linked,one_to_all,True,False,False,4,0,620.0,1.6516129032258065
2048,1,blackhole,riscv_0,271360,L1,multicast_linked,one_to_all,True,False,False,4,0,646.0,3.170278637770898
4096,1,blackhole,riscv_0,272384,L1,multicast_linked,one_to_all,True,False,False,4,0,676.0,6.059171597633136
8192,1,blackhole,riscv_0,273408,L1,multicast_linked,one_to_all,True,False,False,4,0,743.0,11.02557200538358
16384,1,blackhole,riscv_0,274432,L1,multicast_linked,one_to_all,True,False,False,4,0,877.0,18.68187001140251
32768,1,blackhole,riscv_0,275456,L1,multicast_linked,one_to_all,True,False,False,4,0,1430.0,22.914685314685315
65536,1,blackhole,riscv_0,276480,L1,multicast_linked,one_to_all,True,False,False,4,0,2518.0,26.027005559968227
64,4,blackhole,riscv_0,277504,L1,multicast_linked,one_to_all,True,False,False,4,0,691.0,0.3704775687409551
128,4,blackhole,riscv_0,278528,L1,multicast_linked,one_to_all,True,False,False,4,0,709.0,0.7221438645980254
256,4,blackhole,riscv_0,279552,L1,multicast_linked,one_to_all,True,False,False,4,0,690.0,1.4840579710144928
512,4,blackhole,riscv_0,280576,L1,multicast_linked,one_to_all,True,False,False,4,0,687.0,2.981077147016012
1024,4,blackhole,riscv_0,281600,L1,multicast_linked,one_to_all,True,False,False,4,0,704.0,5.818181818181818
2048,4,blackhole,riscv_0,282624,L1,multicast_linked,one_to_all,True,False,False,4,0,750.0,10.922666666666666
4096,4,blackhole,riscv_0,283648,L1,multicast_linked,one_to_all,True,False,False,4,0,899.0,18.224694104560623
8192,4,blackhole,riscv_0,284672,L1,multicast_linked,one_to_all,True,False,False,4,0,1173.0,27.935208866155158
16384,4,blackhole,riscv_0,285696,L1,multicast_linked,one_to_all,True,False,False,4,0,1690.0,38.77869822485207
32768,4,blackhole,riscv_0,286720,L1,multicast_linked,one_to_all,True,False,False,4,0,3043.0,43.073282944462704
65536,4,blackhole,riscv_0,287744,L1,multicast_linked,one_to_all,True,False,False,4,0,5720.0,45.82937062937063
64,16,blackhole,riscv_0,288768,L1,multicast_linked,one_to_all,True,False,False,4,0,957.0,1.0700104493207943
128,16,blackhole,riscv_0,289792,L1,multicast_linked,one_to_all,True,False,False,4,0,957.0,2.1400208986415885
256,16,blackhole,riscv_0,290816,L1,multicast_linked,one_to_all,True,False,False,4,0,965.0,4.244559585492228
512,16,blackhole,riscv_0,291840,L1,multicast_linked,one_to_all,True,False,False,4,0,963.0,8.5067497403946
1024,16,blackhole,riscv_0,292864,L1,multicast_linked,one_to_all,True,False,False,4,0,987.0,16.599797365754814
2048,16,blackhole,riscv_0,293888,L1,multicast_linked,one_to_all,True,False,False,4,0,1190.0,27.536134453781514
4096,16,blackhole,riscv_0,294912,L1,multicast_linked,one_to_all,True,False,False,4,0,1711.0,38.302746931618934
8192,16,blackhole,riscv_0,295936,L1,multicast_linked,one_to_all,True,False,False,4,0,2774.0,47.25018024513338
16384,16,blackhole,riscv_0,296960,L1,multicast_linked,one_to_all,True,False,False,4,0,4904.0,53.45513866231648
32768,16,blackhole,riscv_0,297984,L1,multicast_linked,one_to_all,True,False,False,4,0,9437.0,55.556638762318535
65536,16,blackhole,riscv_0,299008,L1,multicast_linked,one_to_all,True,False,False,4,0,18484.0,56.72884657000649
64,64,blackhole,riscv_0,300032,L1,multicast_linked,one_to_all,True,False,False,4,0,2061.0,1.987384764677341
128,64,blackhole,riscv_0,301056,L1,multicast_linked,one_to_all,True,False,False,4,0,2061.0,3.974769529354682
256,64,blackhole,riscv_0,302080,L1,multicast_linked,one_to_all,True,False,False,4,0,2067.0,7.926463473633285
512,64,blackhole,riscv_0,303104,L1,multicast_linked,one_to_all,True,False,False,4,0,2081.0,15.7462758289284
1024,64,blackhole,riscv_0,304128,L1,multicast_linked,one_to_all,True,False,False,4,0,2095.0,31.282100238663485
2048,64,blackhole,riscv_0,305152,L1,multicast_linked,one_to_all,True,False,False,4,0,2830.0,46.31519434628975
4096,64,blackhole,riscv_0,306176,L1,multicast_linked,one_to_all,True,False,False,4,0,4941.0,53.0548471969237
8192,64,blackhole,riscv_0,307200,L1,multicast_linked,one_to_all,True,False,False,4,0,9196.0,57.012614180078295
16384,64,blackhole,riscv_0,308224,L1,multicast_linked,one_to_all,True,False,False,4,0,17679.0,59.31195203348606
32768,64,blackhole,riscv_0,309248,L1,multicast_linked,one_to_all,True,False,False,4,0,35318.0,59.37912679087151
65536,64,blackhole,riscv_0,310272,L1,multicast_linked,one_to_all,True,False,False,4,0,69673.0,60.199847860720794
64,256,blackhole,riscv_0,311296,L1,multicast_linked,one_to_all,True,False,False,4,0,6475.0,2.5303474903474905
128,256,blackhole,riscv_0,312320,L1,multicast_linked,one_to_all,True,False,False,4,0,6475.0,5.060694980694981
256,256,blackhole,riscv_0,313344,L1,multicast_linked,one_to_all,True,False,False,4,0,6486.0,10.104224483502929
512,256,blackhole,riscv_0,314368,L1,multicast_linked,one_to_all,True,False,False,4,0,6485.0,20.211565150346953
1024,256,blackhole,riscv_0,315392,L1,multicast_linked,one_to_all,True,False,False,4,0,6517.0,40.22464324075495
2048,256,blackhole,riscv_0,316416,L1,multicast_linked,one_to_all,True,False,False,4,0,9392.0,55.82282793867121
4096,256,blackhole,riscv_0,317440,L1,multicast_linked,one_to_all,True,False,False,4,0,17997.0,58.26393287770184
8192,256,blackhole,riscv_0,318464,L1,multicast_linked,one_to_all,True,False,False,4,0,34816.0,60.23529411764706
16384,256,blackhole,riscv_0,319488,L1,multicast_linked,one_to_all,True,False,False,4,0,68804.0,60.96017673391082
32768,256,blackhole,riscv_0,320512,L1,multicast_linked,one_to_all,True,False,False,4,0,137287.0,61.10271183724606
65536,256,blackhole,riscv_0,321536,L1,multicast_linked,one_to_all,True,False,False,4,0,274906.0,61.02891897594087
64,9,blackhole,riscv_0,322560,L1,unicast,one_to_all,True,False,False,9,0,674.0,0.8545994065281899
128,9,blackhole,riscv_0,323584,L1,unicast,one_to_all,True,False,False,9,0,683.0,1.6866764275256223
256,9,blackhole,riscv_0,324608,L1,unicast,one_to_all,True,False,False,9,0,679.0,3.393225331369661
512,9,blackhole,riscv_0,325632,L1,unicast,one_to_all,True,False,False,9,0,679.0,6.786450662739322
1024,9,blackhole,riscv_0,326656,L1,unicast,one_to_all,True,False,False,9,0,688.0,13.395348837209303
2048,9,blackhole,riscv_0,327680,L1,unicast,one_to_all,True,False,False,9,0,713.0,25.85133239831697
4096,9,blackhole,riscv_0,328704,L1,unicast,one_to_all,True,False,False,9,0,967.0,38.12202688728025
8192,9,blackhole,riscv_0,329728,L1,unicast,one_to_all,True,False,False,9,0,1585.0,46.51608832807571
16384,9,blackhole,riscv_0,330752,L1,unicast,one_to_all,True,False,False,9,0,2739.0,53.835706462212485
32768,9,blackhole,riscv_0,331776,L1,unicast,one_to_all,True,False,False,9,0,5121.0,57.58875219683655
65536,9,blackhole,riscv_0,332800,L1,unicast,one_to_all,True,False,False,9,0,9827.0,60.020759133000915
64,36,blackhole,riscv_0,333824,L1,unicast,one_to_all,True,False,False,9,0,1402.0,1.6433666191155492
128,36,blackhole,riscv_0,334848,L1,unicast,one_to_all,True,False,False,9,0,1403.0,3.2843905915894513
256,36,blackhole,riscv_0,335872,L1,unicast,one_to_all,True,False,False,9,0,1402.0,6.573466476462197
512,36,blackhole,riscv_0,336896,L1,unicast,one_to_all,True,False,False,9,0,1411.0,13.063075832742735
1024,36,blackhole,riscv_0,337920,L1,unicast,one_to_all,True,False,False,9,0,1418.0,25.997179125528913
2048,36,blackhole,riscv_0,338944,L1,unicast,one_to_all,True,False,False,9,0,1603.0,45.99376169681847
4096,36,blackhole,riscv_0,339968,L1,unicast,one_to_all,True,False,False,9,0,2773.0,53.17562206996033
8192,36,blackhole,riscv_0,340992,L1,unicast,one_to_all,True,False,False,9,0,5143.0,57.342407155356796
16384,36,blackhole,riscv_0,342016,L1,unicast,one_to_all,True,False,False,9,0,9916.0,59.4820492133925
32768,36,blackhole,riscv_0,343040,L1,unicast,one_to_all,True,False,False,9,0,19278.0,61.19140989729225
65536,36,blackhole,riscv_0,344064,L1,unicast,one_to_all,True,False,False,9,0,38101.0,61.92215427416603
64,144,blackhole,riscv_0,345088,L1,unicast,one_to_all,True,False,False,9,0,3898.0,2.3642893791688047
128,144,blackhole,riscv_0,346112,L1,unicast,one_to_all,True,False,False,9,0,3900.0,4.726153846153847
256,144,blackhole,riscv_0,347136,L1,unicast,one_to_all,True,False,False,9,0,3898.0,9.457157516675219
512,144,blackhole,riscv_0,348160,L1,unicast,one_to_all,True,False,False,9,0,3909.0,18.86108979278588
1024,144,blackhole,riscv_0,349184,L1,unicast,one_to_all,True,False,False,9,0,3914.0,37.67399080224834
2048,144,blackhole,riscv_0,350208,L1,unicast,one_to_all,True,False,False,9,0,5267.0,55.99240554395291
4096,144,blackhole,riscv_0,351232,L1,unicast,one_to_all,True,False,False,9,0,9910.0,59.51806256306761
8192,144,blackhole,riscv_0,352256,L1,unicast,one_to_all,True,False,False,9,0,19307.0,61.099497591547106
16384,144,blackhole,riscv_0,353280,L1,unicast,one_to_all,True,False,False,9,0,38153.0,61.83775849867638
32768,144,blackhole,riscv_0,354304,L1,unicast,one_to_all,True,False,False,9,0,75993.0,62.09245588409459
65536,144,blackhole,riscv_0,355328,L1,unicast,one_to_all,True,False,False,9,0,151103.0,62.45530532153564
64,576,blackhole,riscv_0,356352,L1,unicast,one_to_all,True,False,False,9,0,13885.0,2.6549513863881886
128,576,blackhole,riscv_0,357376,L1,unicast,one_to_all,True,False,False,9,0,13885.0,5.309902772776377
256,576,blackhole,riscv_0,358400,L1,unicast,one_to_all,True,False,False,9,0,13885.0,10.619805545552754
512,576,blackhole,riscv_0,359424,L1,unicast,one_to_all,True,False,False,9,0,13899.0,21.21821713792359
1024,576,blackhole,riscv_0,360448,L1,unicast,one_to_all,True,False,False,9,0,13917.0,42.38154774735934
2048,576,blackhole,riscv_0,361472,L1,unicast,one_to_all,True,False,False,9,0,19956.0,59.11244738424534
4096,576,blackhole,riscv_0,362496,L1,unicast,one_to_all,True,False,False,9,0,38445.0,61.36808427623878
8192,576,blackhole,riscv_0,363520,L1,unicast,one_to_all,True,False,False,9,0,76072.0,62.02797349879062
16384,576,blackhole,riscv_0,364544,L1,unicast,one_to_all,True,False,False,9,0,151104.0,62.45489199491741
32768,576,blackhole,riscv_0,365568,L1,unicast,one_to_all,True,False,False,9,0,301948.0,62.50867036708308
65536,576,blackhole,riscv_0,366592,L1,unicast,one_to_all,True,False,False,9,0,607503.0,62.13753018503613
64,2304,blackhole,riscv_0,367616,L1,unicast,one_to_all,True,False,False,9,0,53820.0,2.739799331103679
128,2304,blackhole,riscv_0,368640,L1,unicast,one_to_all,True,False,False,9,0,53826.0,5.478987849738044
256,2304,blackhole,riscv_0,369664,L1,unicast,one_to_all,True,False,False,9,0,53821.0,10.958993701343342
512,2304,blackhole,riscv_0,370688,L1,unicast,one_to_all,True,False,False,9,0,53836.0,21.911880526042054
1024,2304,blackhole,riscv_0,371712,L1,unicast,one_to_all,True,False,False,9,0,53844.0,43.81724983285046
2048,2304,blackhole,riscv_0,372736,L1,unicast,one_to_all,True,False,False,9,0,78701.0,59.955934486219995
4096,2304,blackhole,riscv_0,373760,L1,unicast,one_to_all,True,False,False,9,0,152201.0,62.00474372704516
8192,2304,blackhole,riscv_0,374784,L1,unicast,one_to_all,True,False,False,9,0,304450.0,61.99496797503695
16384,2304,blackhole,riscv_0,375808,L1,unicast,one_to_all,True,False,False,9,0,603772.0,62.52150811895881
32768,2304,blackhole,riscv_0,376832,L1,unicast,one_to_all,True,False,False,9,0,1206794.0,62.560364072078585
65536,2304,blackhole,riscv_0,377856,L1,unicast,one_to_all,True,False,False,9,0,2412857.0,62.57931738184236
64,9,blackhole,riscv_0,378880,L1,unicast,one_to_all,True,True,False,9,0,742.0,0.7762803234501348
128,9,blackhole,riscv_0,379904,L1,unicast,one_to_all,True,True,False,9,0,750.0,1.536
256,9,blackhole,riscv_0,380928,L1,unicast,one_to_all,True,True,False,9,0,751.0,3.0679094540612515
512,9,blackhole,riscv_0,381952,L1,unicast,one_to_all,True,True,False,9,0,774.0,5.953488372093023
1024,9,blackhole,riscv_0,382976,L1,unicast,one_to_all,True,True,False,9,0,760.0,12.126315789473685
2048,9,blackhole,riscv_0,384000,L1,unicast,one_to_all,True,True,False,9,0,806.0,22.86848635235732
4096,9,blackhole,riscv_0,385024,L1,unicast,one_to_all,True,True,False,9,0,988.0,37.311740890688256
8192,9,blackhole,riscv_0,386048,L1,unicast,one_to_all,True,True,False,9,0,1589.0,46.39899307740718
64,36,blackhole,riscv_0,387072,L1,unicast,one_to_all,True,True,False,9,0,1408.0,1.6363636363636365
128,36,blackhole,riscv_0,388096,L1,unicast,one_to_all,True,True,False,9,0,1406.0,3.2773826458036983
256,36,blackhole,riscv_0,389120,L1,unicast,one_to_all,True,True,False,9,0,1408.0,6.545454545454546
512,36,blackhole,riscv_0,390144,L1,unicast,one_to_all,True,True,False,9,0,1414.0,13.035360678925036
1024,36,blackhole,riscv_0,391168,L1,unicast,one_to_all,True,True,False,9,0,1424.0,25.8876404494382
2048,36,blackhole,riscv_0,392192,L1,unicast,one_to_all,True,True,False,9,0,1733.0,42.54356607039816
4096,36,blackhole,riscv_0,393216,L1,unicast,one_to_all,True,True,False,9,0,2781.0,53.02265372168285
8192,36,blackhole,riscv_0,394240,L1,unicast,one_to_all,True,True,False,9,0,5143.0,57.342407155356796
64,144,blackhole,riscv_0,395264,L1,unicast,one_to_all,True,True,False,9,0,3566.0,2.584408300616938
128,144,blackhole,riscv_0,396288,L1,unicast,one_to_all,True,True,False,9,0,3576.0,5.154362416107382
256,144,blackhole,riscv_0,397312,L1,unicast,one_to_all,True,True,False,9,0,3565.0,10.340532959326788
512,144,blackhole,riscv_0,398336,L1,unicast,one_to_all,True,True,False,9,0,3569.0,20.657887363407117
1024,144,blackhole,riscv_0,399360,L1,unicast,one_to_all,True,True,False,9,0,3582.0,41.165829145728644
2048,144,blackhole,riscv_0,400384,L1,unicast,one_to_all,True,True,False,9,0,5323.0,55.403343978959235
4096,144,blackhole,riscv_0,401408,L1,unicast,one_to_all,True,True,False,9,0,9890.0,59.638422649140544
8192,144,blackhole,riscv_0,402432,L1,unicast,one_to_all,True,True,False,9,0,19336.0,61.00786098469177
64,576,blackhole,riscv_0,403456,L1,unicast,one_to_all,True,True,False,9,0,12200.0,3.021639344262295
128,576,blackhole,riscv_0,404480,L1,unicast,one_to_all,True,True,False,9,0,12213.0,6.036845983787767
256,576,blackhole,riscv_0,405504,L1,unicast,one_to_all,True,True,False,9,0,12199.0,12.08754815968522
512,576,blackhole,riscv_0,406528,L1,unicast,one_to_all,True,True,False,9,0,12206.0,24.161232180894643
1024,576,blackhole,riscv_0,407552,L1,unicast,one_to_all,True,True,False,9,0,12213.0,48.29476787030214
2048,576,blackhole,riscv_0,408576,L1,unicast,one_to_all,True,True,False,9,0,19764.0,59.68670309653916
4096,576,blackhole,riscv_0,409600,L1,unicast,one_to_all,True,True,False,9,0,38395.0,61.44800104180232
8192,576,blackhole,riscv_0,410624,L1,unicast,one_to_all,True,True,False,9,0,76057.0,62.04020668708995
64,2304,blackhole,riscv_0,411648,L1,unicast,one_to_all,True,True,False,9,0,46760.0,3.153464499572284
128,2304,blackhole,riscv_0,412672,L1,unicast,one_to_all,True,True,False,9,0,46763.0,6.306524388939974
256,2304,blackhole,riscv_0,413696,L1,unicast,one_to_all,True,True,False,9,0,46782.0,12.60792612543286
512,2304,blackhole,riscv_0,414720,L1,unicast,one_to_all,True,True,False,9,0,46778.0,25.21800846551798
1024,2304,blackhole,riscv_0,415744,L1,unicast,one_to_all,True,True,False,9,0,46774.0,50.440330097917645
2048,2304,blackhole,riscv_0,416768,L1,unicast,one_to_all,True,True,False,9,0,77657.0,60.761966081615306
4096,2304,blackhole,riscv_0,417792,L1,unicast,one_to_all,True,True,False,9,0,152337.0,61.94938852675318
8192,2304,blackhole,riscv_0,418816,L1,unicast,one_to_all,True,True,False,9,0,303208.0,62.248911638215354
64,1,blackhole,riscv_0,476160,L1,multicast,one_to_all,True,False,False,9,0,627.0,0.10207336523125997
128,1,blackhole,riscv_0,477184,L1,multicast,one_to_all,True,False,False,9,0,628.0,0.20382165605095542
256,1,blackhole,riscv_0,478208,L1,multicast,one_to_all,True,False,False,9,0,628.0,0.40764331210191085
512,1,blackhole,riscv_0,479232,L1,multicast,one_to_all,True,False,False,9,0,634.0,0.807570977917981
1024,1,blackhole,riscv_0,480256,L1,multicast,one_to_all,True,False,False,9,0,642.0,1.5950155763239875
2048,1,blackhole,riscv_0,481280,L1,multicast,one_to_all,True,False,False,9,0,660.0,3.103030303030303
4096,1,blackhole,riscv_0,482304,L1,multicast,one_to_all,True,False,False,9,0,692.0,5.91907514450867
8192,1,blackhole,riscv_0,483328,L1,multicast,one_to_all,True,False,False,9,0,777.0,10.543114543114543
16384,1,blackhole,riscv_0,484352,L1,multicast,one_to_all,True,False,False,9,0,902.0,18.164079822616408
32768,1,blackhole,riscv_0,485376,L1,multicast,one_to_all,True,False,False,9,0,1469.0,22.306330837304287
65536,1,blackhole,riscv_0,486400,L1,multicast,one_to_all,True,False,False,9,0,2582.0,25.381874515879165
64,4,blackhole,riscv_0,487424,L1,multicast,one_to_all,True,False,False,9,0,1510.0,0.1695364238410596
128,4,blackhole,riscv_0,488448,L1,multicast,one_to_all,True,False,False,9,0,1511.0,0.3388484447385837
256,4,blackhole,riscv_0,489472,L1,multicast,one_to_all,True,False,False,9,0,1520.0,0.6736842105263158
512,4,blackhole,riscv_0,490496,L1,multicast,one_to_all,True,False,False,9,0,1535.0,1.3342019543973942
1024,4,blackhole,riscv_0,491520,L1,multicast,one_to_all,True,False,False,9,0,1568.0,2.6122448979591835
2048,4,blackhole,riscv_0,492544,L1,multicast,one_to_all,True,False,False,9,0,1642.0,4.989037758830694
4096,4,blackhole,riscv_0,493568,L1,multicast,one_to_all,True,False,False,9,0,2078.0,7.884504331087585
8192,4,blackhole,riscv_0,494592,L1,multicast,one_to_all,True,False,False,9,0,2218.0,14.773669972948602
16384,4,blackhole,riscv_0,495616,L1,multicast,one_to_all,True,False,False,9,0,2629.0,24.92810954735641
32768,4,blackhole,riscv_0,496640,L1,multicast,one_to_all,True,False,False,9,0,4840.0,27.08099173553719
65536,4,blackhole,riscv_0,497664,L1,multicast,one_to_all,True,False,False,9,0,9356.0,28.018811457887985
64,16,blackhole,riscv_0,498688,L1,multicast,one_to_all,True,False,False,9,0,5050.0,0.20277227722772279
128,16,blackhole,riscv_0,499712,L1,multicast,one_to_all,True,False,False,9,0,5067.0,0.40418393526741664
256,16,blackhole,riscv_0,500736,L1,multicast,one_to_all,True,False,False,9,0,5097.0,0.8036099666470473
512,16,blackhole,riscv_0,501760,L1,multicast,one_to_all,True,False,False,9,0,5163.0,1.5866744141003293
1024,16,blackhole,riscv_0,502784,L1,multicast,one_to_all,True,False,False,9,0,5292.0,3.0959939531368104
2048,16,blackhole,riscv_0,503808,L1,multicast,one_to_all,True,False,False,9,0,5560.0,5.893525179856115
4096,16,blackhole,riscv_0,504832,L1,multicast,one_to_all,True,False,False,9,0,6095.0,10.75242001640689
8192,16,blackhole,riscv_0,505856,L1,multicast,one_to_all,True,False,False,9,0,7445.0,17.605372733378108
16384,16,blackhole,riscv_0,506880,L1,multicast,one_to_all,True,False,False,9,0,9301.0,28.184496290721427
32768,16,blackhole,riscv_0,507904,L1,multicast,one_to_all,True,False,False,9,0,18256.0,28.718667835232253
65536,16,blackhole,riscv_0,508928,L1,multicast,one_to_all,True,False,False,9,0,36192.0,28.97259062776304
64,64,blackhole,riscv_0,509952,L1,multicast,one_to_all,True,False,False,9,0,19212.0,0.21320008328128254
128,64,blackhole,riscv_0,510976,L1,multicast,one_to_all,True,False,False,9,0,19276.0,0.4249844366051048
256,64,blackhole,riscv_0,512000,L1,multicast,one_to_all,True,False,False,9,0,19405.0,0.8443184746199434
512,64,blackhole,riscv_0,513024,L1,multicast,one_to_all,True,False,False,9,0,19659.0,1.6668192685284093
1024,64,blackhole,riscv_0,514048,L1,multicast,one_to_all,True,False,False,9,0,20175.0,3.2483767038413878
2048,64,blackhole,riscv_0,515072,L1,multicast,one_to_all,True,False,False,9,0,21228.0,6.174486527228189
4096,64,blackhole,riscv_0,516096,L1,multicast,one_to_all,True,False,False,9,0,23385.0,11.209920889459054
8192,64,blackhole,riscv_0,517120,L1,multicast,one_to_all,True,False,False,9,0,27913.0,18.78293268369577
16384,64,blackhole,riscv_0,518144,L1,multicast,one_to_all,True,False,False,9,0,36233.0,28.93980625396738
32768,64,blackhole,riscv_0,519168,L1,multicast,one_to_all,True,False,False,9,0,71987.0,29.132371122563796
65536,64,blackhole,riscv_0,520192,L1,multicast,one_to_all,True,False,False,9,0,143621.0,29.203974349155068
64,256,blackhole,riscv_0,521216,L1,multicast,one_to_all,True,False,False,9,0,75850.0,0.21600527356624918
128,256,blackhole,riscv_0,522240,L1,multicast,one_to_all,True,False,False,9,0,76107.0,0.4305517232317658
256,256,blackhole,riscv_0,523264,L1,multicast,one_to_all,True,False,False,9,0,76612.0,0.855427348196105
512,256,blackhole,riscv_0,524288,L1,multicast,one_to_all,True,False,False,9,0,77641.0,1.6881802140621578
1024,256,blackhole,riscv_0,525312,L1,multicast,one_to_all,True,False,False,9,0,79689.0,3.2895882744167952
2048,256,blackhole,riscv_0,526336,L1,multicast,one_to_all,True,False,False,9,0,83940.0,6.245985227543484
4096,256,blackhole,riscv_0,527360,L1,multicast,one_to_all,True,False,False,9,0,92480.0,11.33840830449827
8192,256,blackhole,riscv_0,528384,L1,multicast,one_to_all,True,False,False,9,0,109663.0,19.123605956430154
16384,256,blackhole,riscv_0,529408,L1,multicast,one_to_all,True,False,False,9,0,143648.0,29.19848518601025
32768,256,blackhole,riscv_0,530432,L1,multicast,one_to_all,True,False,False,9,0,288248.0,29.102051011628877
65536,256,blackhole,riscv_0,531456,L1,multicast,one_to_all,True,False,False,9,0,573309.0,29.26382805781873
64,1,blackhole,riscv_0,588800,L1,multicast_linked,one_to_all,True,False,False,9,0,627.0,0.10207336523125997
128,1,blackhole,riscv_0,589824,L1,multicast_linked,one_to_all,True,False,False,9,0,627.0,0.20414673046251994
256,1,blackhole,riscv_0,590848,L1,multicast_linked,one_to_all,True,False,False,9,0,627.0,0.4082934609250399
512,1,blackhole,riscv_0,591872,L1,multicast_linked,one_to_all,True,False,False,9,0,645.0,0.7937984496124031
1024,1,blackhole,riscv_0,592896,L1,multicast_linked,one_to_all,True,False,False,9,0,643.0,1.5925349922239502
2048,1,blackhole,riscv_0,593920,L1,multicast_linked,one_to_all,True,False,False,9,0,665.0,3.079699248120301
4096,1,blackhole,riscv_0,594944,L1,multicast_linked,one_to_all,True,False,False,9,0,702.0,5.834757834757835
8192,1,blackhole,riscv_0,595968,L1,multicast_linked,one_to_all,True,False,False,9,0,764.0,10.722513089005236
16384,1,blackhole,riscv_0,596992,L1,multicast_linked,one_to_all,True,False,False,9,0,909.0,18.024202420242023
32768,1,blackhole,riscv_0,598016,L1,multicast_linked,one_to_all,True,False,False,9,0,1502.0,21.81624500665779
65536,1,blackhole,riscv_0,599040,L1,multicast_linked,one_to_all,True,False,False,9,0,2712.0,24.16519174041298
64,4,blackhole,riscv_0,600064,L1,multicast_linked,one_to_all,True,False,False,9,0,694.0,0.3688760806916426
128,4,blackhole,riscv_0,601088,L1,multicast_linked,one_to_all,True,False,False,9,0,694.0,0.7377521613832853
256,4,blackhole,riscv_0,602112,L1,multicast_linked,one_to_all,True,False,False,9,0,694.0,1.4755043227665705
512,4,blackhole,riscv_0,603136,L1,multicast_linked,one_to_all,True,False,False,9,0,704.0,2.909090909090909
1024,4,blackhole,riscv_0,604160,L1,multicast_linked,one_to_all,True,False,False,9,0,719.0,5.696801112656467
2048,4,blackhole,riscv_0,605184,L1,multicast_linked,one_to_all,True,False,False,9,0,787.0,10.409148665819568
4096,4,blackhole,riscv_0,606208,L1,multicast_linked,one_to_all,True,False,False,9,0,932.0,17.5793991416309
8192,4,blackhole,riscv_0,607232,L1,multicast_linked,one_to_all,True,False,False,9,0,1196.0,27.39799331103679
16384,4,blackhole,riscv_0,608256,L1,multicast_linked,one_to_all,True,False,False,9,0,1734.0,37.79469434832757
32768,4,blackhole,riscv_0,609280,L1,multicast_linked,one_to_all,True,False,False,9,0,3115.0,42.0776886035313
65536,4,blackhole,riscv_0,610304,L1,multicast_linked,one_to_all,True,False,False,9,0,5842.0,44.872304005477574
64,16,blackhole,riscv_0,611328,L1,multicast_linked,one_to_all,True,False,False,9,0,973.0,1.052415210688592
128,16,blackhole,riscv_0,612352,L1,multicast_linked,one_to_all,True,False,False,9,0,976.0,2.098360655737705
256,16,blackhole,riscv_0,613376,L1,multicast_linked,one_to_all,True,False,False,9,0,972.0,4.2139917695473255
512,16,blackhole,riscv_0,614400,L1,multicast_linked,one_to_all,True,False,False,9,0,980.0,8.359183673469389
1024,16,blackhole,riscv_0,615424,L1,multicast_linked,one_to_all,True,False,False,9,0,995.0,16.46633165829146
2048,16,blackhole,riscv_0,616448,L1,multicast_linked,one_to_all,True,False,False,9,0,1226.0,26.72756933115824
4096,16,blackhole,riscv_0,617472,L1,multicast_linked,one_to_all,True,False,False,9,0,1763.0,37.17300056721498
8192,16,blackhole,riscv_0,618496,L1,multicast_linked,one_to_all,True,False,False,9,0,2834.0,46.24982357092449
16384,16,blackhole,riscv_0,619520,L1,multicast_linked,one_to_all,True,False,False,9,0,4965.0,52.79838872104733
32768,16,blackhole,riscv_0,620544,L1,multicast_linked,one_to_all,True,False,False,9,0,9646.0,54.35289239062824
65536,16,blackhole,riscv_0,621568,L1,multicast_linked,one_to_all,True,False,False,9,0,18781.0,55.83174484851712
64,64,blackhole,riscv_0,622592,L1,multicast_linked,one_to_all,True,False,False,9,0,2078.0,1.9711260827718962
128,64,blackhole,riscv_0,623616,L1,multicast_linked,one_to_all,True,False,False,9,0,2078.0,3.9422521655437923
256,64,blackhole,riscv_0,624640,L1,multicast_linked,one_to_all,True,False,False,9,0,2075.0,7.895903614457831
512,64,blackhole,riscv_0,625664,L1,multicast_linked,one_to_all,True,False,False,9,0,2083.0,15.731156985117618
1024,64,blackhole,riscv_0,626688,L1,multicast_linked,one_to_all,True,False,False,9,0,2099.0,31.222486898523105
2048,64,blackhole,riscv_0,627712,L1,multicast_linked,one_to_all,True,False,False,9,0,2956.0,44.341001353179976
4096,64,blackhole,riscv_0,628736,L1,multicast_linked,one_to_all,True,False,False,9,0,5082.0,51.58284140102322
8192,64,blackhole,riscv_0,629760,L1,multicast_linked,one_to_all,True,False,False,9,0,9314.0,56.290315653854414
16384,64,blackhole,riscv_0,630784,L1,multicast_linked,one_to_all,True,False,False,9,0,17901.0,58.57639238031395
32768,64,blackhole,riscv_0,631808,L1,multicast_linked,one_to_all,True,False,False,9,0,35417.0,59.21314622921196
65536,64,blackhole,riscv_0,632832,L1,multicast_linked,one_to_all,True,False,False,9,0,70761.0,59.274232981444584
64,256,blackhole,riscv_0,633856,L1,multicast_linked,one_to_all,True,False,False,9,0,6514.0,2.5151980350015353
128,256,blackhole,riscv_0,634880,L1,multicast_linked,one_to_all,True,False,False,9,0,6505.0,5.037355880092237
256,256,blackhole,riscv_0,635904,L1,multicast_linked,one_to_all,True,False,False,9,0,6515.0,10.059247889485802
512,256,blackhole,riscv_0,636928,L1,multicast_linked,one_to_all,True,False,False,9,0,6499.0,20.16802585013079
1024,256,blackhole,riscv_0,637952,L1,multicast_linked,one_to_all,True,False,False,9,0,6517.0,40.22464324075495
2048,256,blackhole,riscv_0,638976,L1,multicast_linked,one_to_all,True,False,False,9,0,9838.0,53.2921325472657
4096,256,blackhole,riscv_0,640000,L1,multicast_linked,one_to_all,True,False,False,9,0,18254.0,57.44362879368906
8192,256,blackhole,riscv_0,641024,L1,multicast_linked,one_to_all,True,False,False,9,0,35469.0,59.126335673404945
16384,256,blackhole,riscv_0,642048,L1,multicast_linked,one_to_all,True,False,False,9,0,69520.0,60.332336018411965
32768,256,blackhole,riscv_0,643072,L1,multicast_linked,one_to_all,True,False,False,9,0,138754.0,60.456693140377936
65536,256,blackhole,riscv_0,644096,L1,multicast_linked,one_to_all,True,False,False,9,0,277079.0,60.55029792947138
64,25,blackhole,riscv_0,645120,L1,unicast,one_to_all,True,False,False,25,0,1265.0,1.2648221343873518
128,25,blackhole,riscv_0,646144,L1,unicast,one_to_all,True,False,False,25,0,1276.0,2.5078369905956115
256,25,blackhole,riscv_0,647168,L1,unicast,one_to_all,True,False,False,25,0,1273.0,5.0274941084053415
512,25,blackhole,riscv_0,648192,L1,unicast,one_to_all,True,False,False,25,0,1273.0,10.054988216810683
1024,25,blackhole,riscv_0,649216,L1,unicast,one_to_all,True,False,False,25,0,1288.0,19.875776397515526
2048,25,blackhole,riscv_0,650240,L1,unicast,one_to_all,True,False,False,25,0,1299.0,39.41493456505004
4096,25,blackhole,riscv_0,651264,L1,unicast,one_to_all,True,False,False,25,0,2036.0,50.29469548133595
8192,25,blackhole,riscv_0,652288,L1,unicast,one_to_all,True,False,False,25,0,3677.0,55.69757954854501
16384,25,blackhole,riscv_0,653312,L1,unicast,one_to_all,True,False,False,25,0,6970.0,58.766140602582496
32768,25,blackhole,riscv_0,654336,L1,unicast,one_to_all,True,False,False,25,0,13486.0,60.74447575263236
65536,25,blackhole,riscv_0,655360,L1,unicast,one_to_all,True,False,False,25,0,26570.0,61.66353029732781
64,100,blackhole,riscv_0,656384,L1,unicast,one_to_all,True,False,False,25,0,3289.0,1.945880206749772
128,100,blackhole,riscv_0,657408,L1,unicast,one_to_all,True,False,False,25,0,3293.0,3.8870331005162466
256,100,blackhole,riscv_0,658432,L1,unicast,one_to_all,True,False,False,25,0,3292.0,7.7764277035236935
512,100,blackhole,riscv_0,659456,L1,unicast,one_to_all,True,False,False,25,0,3304.0,15.49636803874092
1024,100,blackhole,riscv_0,660480,L1,unicast,one_to_all,True,False,False,25,0,3307.0,30.964620501965527
2048,100,blackhole,riscv_0,661504,L1,unicast,one_to_all,True,False,False,25,0,3779.0,54.1942312781159
4096,100,blackhole,riscv_0,662528,L1,unicast,one_to_all,True,False,False,25,0,7011.0,58.42247896163172
8192,100,blackhole,riscv_0,663552,L1,unicast,one_to_all,True,False,False,25,0,13546.0,60.4754170972981
16384,100,blackhole,riscv_0,664576,L1,unicast,one_to_all,True,False,False,25,0,26643.0,61.49457643658747
32768,100,blackhole,riscv_0,665600,L1,unicast,one_to_all,True,False,False,25,0,52973.0,61.85792762350631
65536,100,blackhole,riscv_0,666624,L1,unicast,one_to_all,True,False,False,25,0,105281.0,62.248648854019244
64,400,blackhole,riscv_0,667648,L1,unicast,one_to_all,True,False,False,25,0,10212.0,2.506854680767724
128,400,blackhole,riscv_0,668672,L1,unicast,one_to_all,True,False,False,25,0,10215.0,5.012236906510034
256,400,blackhole,riscv_0,669696,L1,unicast,one_to_all,True,False,False,25,0,10207.0,10.032330753404526
512,400,blackhole,riscv_0,670720,L1,unicast,one_to_all,True,False,False,25,0,10218.0,20.04306126443531
1024,400,blackhole,riscv_0,671744,L1,unicast,one_to_all,True,False,False,25,0,10219.0,40.08219982385752
2048,400,blackhole,riscv_0,672768,L1,unicast,one_to_all,True,False,False,25,0,13981.0,58.59380587940777
4096,400,blackhole,riscv_0,673792,L1,unicast,one_to_all,True,False,False,25,0,26800.0,61.134328358208954
8192,400,blackhole,riscv_0,674816,L1,unicast,one_to_all,True,False,False,25,0,52889.0,61.956172360982436
16384,400,blackhole,riscv_0,675840,L1,unicast,one_to_all,True,False,False,25,0,105280.0,62.24924012158055
32768,400,blackhole,riscv_0,676864,L1,unicast,one_to_all,True,False,False,25,0,209813.0,62.47086691482415
65536,400,blackhole,riscv_0,677888,L1,unicast,one_to_all,True,False,False,25,0,421986.0,62.121492182205095
64,1600,blackhole,riscv_0,678912,L1,unicast,one_to_all,True,False,False,25,0,37865.0,2.7043443813548134
128,1600,blackhole,riscv_0,679936,L1,unicast,one_to_all,True,False,False,25,0,37860.0,5.409403063919704
256,1600,blackhole,riscv_0,680960,L1,unicast,one_to_all,True,False,False,25,0,37865.0,10.817377525419253
512,1600,blackhole,riscv_0,681984,L1,unicast,one_to_all,True,False,False,25,0,37872.0,21.63075623151669
1024,1600,blackhole,riscv_0,683008,L1,unicast,one_to_all,True,False,False,25,0,37869.0,43.26493966040825
2048,1600,blackhole,riscv_0,684032,L1,unicast,one_to_all,True,False,False,25,0,54776.0,59.82181977508398
4096,1600,blackhole,riscv_0,685056,L1,unicast,one_to_all,True,False,False,25,0,105888.0,61.891810214566334
8192,1600,blackhole,riscv_0,686080,L1,unicast,one_to_all,True,False,False,25,0,211451.0,61.98693787213113
16384,1600,blackhole,riscv_0,687104,L1,unicast,one_to_all,True,False,False,25,0,419668.0,62.464614886052786
32768,1600,blackhole,riscv_0,688128,L1,unicast,one_to_all,True,False,False,25,0,838265.0,62.544422109953295
65536,1600,blackhole,riscv_0,689152,L1,unicast,one_to_all,True,False,False,25,0,1675436.0,62.58526138867734
64,6400,blackhole,riscv_0,690176,L1,unicast,one_to_all,True,False,False,25,0,148449.0,2.759196761177239
128,6400,blackhole,riscv_0,691200,L1,unicast,one_to_all,True,False,False,25,0,148465.0,5.517798807799818
256,6400,blackhole,riscv_0,692224,L1,unicast,one_to_all,True,False,False,25,0,148457.0,11.036192298106522
512,6400,blackhole,riscv_0,693248,L1,unicast,one_to_all,True,False,False,25,0,148466.0,22.071046569584954
1024,6400,blackhole,riscv_0,694272,L1,unicast,one_to_all,True,False,False,25,0,148482.0,44.137336512169824
2048,6400,blackhole,riscv_0,695296,L1,unicast,one_to_all,True,False,False,25,0,217972.0,60.13249408180867
4096,6400,blackhole,riscv_0,696320,L1,unicast,one_to_all,True,False,False,25,0,422188.0,62.09176954342615
8192,6400,blackhole,riscv_0,697344,L1,unicast,one_to_all,True,False,False,25,0,841296.0,62.31908864418706
16384,6400,blackhole,riscv_0,698368,L1,unicast,one_to_all,True,False,False,25,0,1681401.0,62.363231614588074
32768,6400,blackhole,riscv_0,699392,L1,unicast,one_to_all,True,False,False,25,0,3352146.0,62.56147554432295
65536,6400,blackhole,riscv_0,700416,L1,unicast,one_to_all,True,False,False,25,0,6702772.0,62.57566272580956
64,25,blackhole,riscv_0,701440,L1,unicast,one_to_all,True,True,False,25,0,1492.0,1.0723860589812333
128,25,blackhole,riscv_0,702464,L1,unicast,one_to_all,True,True,False,25,0,1490.0,2.1476510067114094
256,25,blackhole,riscv_0,703488,L1,unicast,one_to_all,True,True,False,25,0,1477.0,4.333107650643195
512,25,blackhole,riscv_0,704512,L1,unicast,one_to_all,True,True,False,25,0,1475.0,8.677966101694915
1024,25,blackhole,riscv_0,705536,L1,unicast,one_to_all,True,True,False,25,0,1500.0,17.066666666666666
2048,25,blackhole,riscv_0,706560,L1,unicast,one_to_all,True,True,False,25,0,1547.0,33.09631544925663
4096,25,blackhole,riscv_0,707584,L1,unicast,one_to_all,True,True,False,25,0,2048.0,50.0
8192,25,blackhole,riscv_0,708608,L1,unicast,one_to_all,True,True,False,25,0,3680.0,55.65217391304348
64,100,blackhole,riscv_0,709632,L1,unicast,one_to_all,True,True,False,25,0,3311.0,1.9329507701600726
128,100,blackhole,riscv_0,710656,L1,unicast,one_to_all,True,True,False,25,0,3300.0,3.878787878787879
256,100,blackhole,riscv_0,711680,L1,unicast,one_to_all,True,True,False,25,0,3294.0,7.77170613236187
512,100,blackhole,riscv_0,712704,L1,unicast,one_to_all,True,True,False,25,0,3314.0,15.449607724803862
1024,100,blackhole,riscv_0,713728,L1,unicast,one_to_all,True,True,False,25,0,3325.0,30.796992481203006
2048,100,blackhole,riscv_0,714752,L1,unicast,one_to_all,True,True,False,25,0,4148.0,49.373191899710704
4096,100,blackhole,riscv_0,715776,L1,unicast,one_to_all,True,True,False,25,0,7002.0,58.49757212225079
8192,100,blackhole,riscv_0,716800,L1,unicast,one_to_all,True,True,False,25,0,13553.0,60.44418209990408
64,400,blackhole,riscv_0,717824,L1,unicast,one_to_all,True,True,False,25,0,9288.0,2.756244616709733
128,400,blackhole,riscv_0,718848,L1,unicast,one_to_all,True,True,False,25,0,9286.0,5.513676502261469
256,400,blackhole,riscv_0,719872,L1,unicast,one_to_all,True,True,False,25,0,9289.0,11.023791581440413
512,400,blackhole,riscv_0,720896,L1,unicast,one_to_all,True,True,False,25,0,9294.0,22.035721971164193
1024,400,blackhole,riscv_0,721920,L1,unicast,one_to_all,True,True,False,25,0,9305.0,44.01934443847394
2048,400,blackhole,riscv_0,722944,L1,unicast,one_to_all,True,True,False,25,0,14115.0,58.03754870704924
4096,400,blackhole,riscv_0,723968,L1,unicast,one_to_all,True,True,False,25,0,26788.0,61.16171420038823
8192,400,blackhole,riscv_0,724992,L1,unicast,one_to_all,True,True,False,25,0,52955.0,61.8789538287225
64,1600,blackhole,riscv_0,726016,L1,unicast,one_to_all,True,True,False,25,0,33290.0,3.0759987984379693
128,1600,blackhole,riscv_0,727040,L1,unicast,one_to_all,True,True,False,25,0,33289.0,6.152182402595452
256,1600,blackhole,riscv_0,728064,L1,unicast,one_to_all,True,True,False,25,0,33290.0,12.303995193751877
512,1600,blackhole,riscv_0,729088,L1,unicast,one_to_all,True,True,False,25,0,33296.0,24.603555982700623
1024,1600,blackhole,riscv_0,730112,L1,unicast,one_to_all,True,True,False,25,0,33301.0,49.19972373202006
2048,1600,blackhole,riscv_0,731136,L1,unicast,one_to_all,True,True,False,25,0,54266.0,60.38403420189437
4096,1600,blackhole,riscv_0,732160,L1,unicast,one_to_all,True,True,False,25,0,105849.0,61.91461421458871
8192,1600,blackhole,riscv_0,733184,L1,unicast,one_to_all,True,True,False,25,0,210579.0,62.243623533210815
64,6400,blackhole,riscv_0,734208,L1,unicast,one_to_all,True,True,False,25,0,129287.0,3.16814528916287
128,6400,blackhole,riscv_0,735232,L1,unicast,one_to_all,True,True,False,25,0,129296.0,6.335849523573815
256,6400,blackhole,riscv_0,736256,L1,unicast,one_to_all,True,True,False,25,0,129286.0,12.67267917639961
512,6400,blackhole,riscv_0,737280,L1,unicast,one_to_all,True,True,False,25,0,129293.0,25.34398614000758
1024,6400,blackhole,riscv_0,738304,L1,unicast,one_to_all,True,True,False,25,0,129309.0,50.68170042301773
2048,6400,blackhole,riscv_0,739328,L1,unicast,one_to_all,True,True,False,25,0,215101.0,60.93509560625009
4096,6400,blackhole,riscv_0,740352,L1,unicast,one_to_all,True,True,False,25,0,422411.0,62.05898994107635
8192,6400,blackhole,riscv_0,741376,L1,unicast,one_to_all,True,True,False,25,0,840993.0,62.34154148726565
64,1,blackhole,riscv_0,798720,L1,multicast,one_to_all,True,False,False,25,0,666.0,0.0960960960960961
128,1,blackhole,riscv_0,799744,L1,multicast,one_to_all,True,False,False,25,0,667.0,0.191904047976012
256,1,blackhole,riscv_0,800768,L1,multicast,one_to_all,True,False,False,25,0,667.0,0.383808095952024
512,1,blackhole,riscv_0,801792,L1,multicast,one_to_all,True,False,False,25,0,675.0,0.7585185185185185
1024,1,blackhole,riscv_0,802816,L1,multicast,one_to_all,True,False,False,25,0,684.0,1.4970760233918128
2048,1,blackhole,riscv_0,803840,L1,multicast,one_to_all,True,False,False,25,0,702.0,2.9173789173789175
4096,1,blackhole,riscv_0,804864,L1,multicast,one_to_all,True,False,False,25,0,739.0,5.542625169147497
8192,1,blackhole,riscv_0,805888,L1,multicast,one_to_all,True,False,False,25,0,817.0,10.026927784577722
16384,1,blackhole,riscv_0,806912,L1,multicast,one_to_all,True,False,False,25,0,950.0,17.246315789473684
32768,1,blackhole,riscv_0,807936,L1,multicast,one_to_all,True,False,False,25,0,1632.0,20.07843137254902
65536,1,blackhole,riscv_0,808960,L1,multicast,one_to_all,True,False,False,25,0,2735.0,23.961974405850093
64,4,blackhole,riscv_0,809984,L1,multicast,one_to_all,True,False,False,25,0,1648.0,0.1553398058252427
128,4,blackhole,riscv_0,811008,L1,multicast,one_to_all,True,False,False,25,0,1648.0,0.3106796116504854
256,4,blackhole,riscv_0,812032,L1,multicast,one_to_all,True,False,False,25,0,1655.0,0.6187311178247734
512,4,blackhole,riscv_0,813056,L1,multicast,one_to_all,True,False,False,25,0,1673.0,1.2241482367005379
1024,4,blackhole,riscv_0,814080,L1,multicast,one_to_all,True,False,False,25,0,1703.0,2.405167351732237
2048,4,blackhole,riscv_0,815104,L1,multicast,one_to_all,True,False,False,25,0,1778.0,4.607424071991002
4096,4,blackhole,riscv_0,816128,L1,multicast,one_to_all,True,False,False,25,0,2289.0,7.157710790738314
8192,4,blackhole,riscv_0,817152,L1,multicast,one_to_all,True,False,False,25,0,2346.0,13.967604433077579
16384,4,blackhole,riscv_0,818176,L1,multicast,one_to_all,True,False,False,25,0,2756.0,23.779390420899855
32768,4,blackhole,riscv_0,819200,L1,multicast,one_to_all,True,False,False,25,0,5102.0,25.69031752254018
65536,4,blackhole,riscv_0,820224,L1,multicast,one_to_all,True,False,False,25,0,9885.0,26.519372787051086
64,16,blackhole,riscv_0,821248,L1,multicast,one_to_all,True,False,False,25,0,5571.0,0.18380901094956023
128,16,blackhole,riscv_0,822272,L1,multicast,one_to_all,True,False,False,25,0,5588.0,0.36649964209019326
256,16,blackhole,riscv_0,823296,L1,multicast,one_to_all,True,False,False,25,0,5620.0,0.7288256227758008
512,16,blackhole,riscv_0,824320,L1,multicast,one_to_all,True,False,False,25,0,5683.0,1.4414921696287173
1024,16,blackhole,riscv_0,825344,L1,multicast,one_to_all,True,False,False,25,0,5812.0,2.81899518238128
2048,16,blackhole,riscv_0,826368,L1,multicast,one_to_all,True,False,False,25,0,6087.0,5.383275833744045
4096,16,blackhole,riscv_0,827392,L1,multicast,one_to_all,True,False,False,25,0,6631.0,9.883275524053687
8192,16,blackhole,riscv_0,828416,L1,multicast,one_to_all,True,False,False,25,0,7863.0,16.66946458094875
16384,16,blackhole,riscv_0,829440,L1,multicast,one_to_all,True,False,False,25,0,9876.0,26.54353989469421
32768,16,blackhole,riscv_0,830464,L1,multicast,one_to_all,True,False,False,25,0,19323.0,27.132846866428608
65536,16,blackhole,riscv_0,831488,L1,multicast,one_to_all,True,False,False,25,0,38415.0,27.296004165039697
64,64,blackhole,riscv_0,832512,L1,multicast,one_to_all,True,False,False,25,0,21266.0,0.19260791874353428
128,64,blackhole,riscv_0,833536,L1,multicast,one_to_all,True,False,False,25,0,21333.0,0.38400600009375147
256,64,blackhole,riscv_0,834560,L1,multicast,one_to_all,True,False,False,25,0,21460.0,0.7634669151910531
512,64,blackhole,riscv_0,835584,L1,multicast,one_to_all,True,False,False,25,0,21714.0,1.509072487795892
1024,64,blackhole,riscv_0,836608,L1,multicast,one_to_all,True,False,False,25,0,22245.0,2.946100247246572
2048,64,blackhole,riscv_0,837632,L1,multicast,one_to_all,True,False,False,25,0,23317.0,5.621306343011537
4096,64,blackhole,riscv_0,838656,L1,multicast,one_to_all,True,False,False,25,0,25619.0,10.232405636441703
8192,64,blackhole,riscv_0,839680,L1,multicast,one_to_all,True,False,False,25,0,30043.0,17.451253203741302
16384,64,blackhole,riscv_0,840704,L1,multicast,one_to_all,True,False,False,25,0,38378.0,27.322320079212048
32768,64,blackhole,riscv_0,841728,L1,multicast,one_to_all,True,False,False,25,0,76673.0,27.351897017202926
65536,64,blackhole,riscv_0,842752,L1,multicast,one_to_all,True,False,False,25,0,152321.0,27.535953676774707
64,256,blackhole,riscv_0,843776,L1,multicast,one_to_all,True,False,False,25,0,84051.0,0.19492926913421613
128,256,blackhole,riscv_0,844800,L1,multicast,one_to_all,True,False,False,25,0,84305.0,0.3886839451989799
256,256,blackhole,riscv_0,845824,L1,multicast,one_to_all,True,False,False,25,0,84819.0,0.7726570697603131
512,256,blackhole,riscv_0,846848,L1,multicast,one_to_all,True,False,False,25,0,85853.0,1.526702619593957
1024,256,blackhole,riscv_0,847872,L1,multicast,one_to_all,True,False,False,25,0,87943.0,2.9808398621834598
2048,256,blackhole,riscv_0,848896,L1,multicast,one_to_all,True,False,False,25,0,92283.0,5.6813064161329825
4096,256,blackhole,riscv_0,849920,L1,multicast,one_to_all,True,False,False,25,0,101228.0,10.358556921009997
8192,256,blackhole,riscv_0,850944,L1,multicast,one_to_all,True,False,False,25,0,117961.0,17.778350471766093
16384,256,blackhole,riscv_0,851968,L1,multicast,one_to_all,True,False,False,25,0,152369.0,27.52727917095997
32768,256,blackhole,riscv_0,852992,L1,multicast,one_to_all,True,False,False,25,0,304299.0,27.566991675950298
65536,256,blackhole,riscv_0,854016,L1,multicast,one_to_all,True,False,False,25,0,609419.0,27.529853844399337
64,1,blackhole,riscv_0,911360,L1,multicast_linked,one_to_all,True,False,False,25,0,667.0,0.095952023988006
128,1,blackhole,riscv_0,912384,L1,multicast_linked,one_to_all,True,False,False,25,0,668.0,0.19161676646706588
256,1,blackhole,riscv_0,913408,L1,multicast_linked,one_to_all,True,False,False,25,0,677.0,0.37813884785819796
512,1,blackhole,riscv_0,914432,L1,multicast_linked,one_to_all,True,False,False,25,0,675.0,0.7585185185185185
1024,1,blackhole,riscv_0,915456,L1,multicast_linked,one_to_all,True,False,False,25,0,696.0,1.471264367816092
2048,1,blackhole,riscv_0,916480,L1,multicast_linked,one_to_all,True,False,False,25,0,701.0,2.921540656205421
4096,1,blackhole,riscv_0,917504,L1,multicast_linked,one_to_all,True,False,False,25,0,742.0,5.520215633423181
8192,1,blackhole,riscv_0,918528,L1,multicast_linked,one_to_all,True,False,False,25,0,816.0,10.03921568627451
16384,1,blackhole,riscv_0,919552,L1,multicast_linked,one_to_all,True,False,False,25,0,941.0,17.41126461211477
32768,1,blackhole,riscv_0,920576,L1,multicast_linked,one_to_all,True,False,False,25,0,1542.0,21.250324254215304
65536,1,blackhole,riscv_0,921600,L1,multicast_linked,one_to_all,True,False,False,25,0,2743.0,23.892088953700327
64,4,blackhole,riscv_0,922624,L1,multicast_linked,one_to_all,True,False,False,25,0,736.0,0.34782608695652173
128,4,blackhole,riscv_0,923648,L1,multicast_linked,one_to_all,True,False,False,25,0,743.0,0.6890982503364738
256,4,blackhole,riscv_0,924672,L1,multicast_linked,one_to_all,True,False,False,25,0,744.0,1.3763440860215055
512,4,blackhole,riscv_0,925696,L1,multicast_linked,one_to_all,True,False,False,25,0,746.0,2.745308310991957
1024,4,blackhole,riscv_0,926720,L1,multicast_linked,one_to_all,True,False,False,25,0,800.0,5.12
2048,4,blackhole,riscv_0,927744,L1,multicast_linked,one_to_all,True,False,False,25,0,828.0,9.893719806763285
4096,4,blackhole,riscv_0,928768,L1,multicast_linked,one_to_all,True,False,False,25,0,946.0,17.31923890063425
8192,4,blackhole,riscv_0,929792,L1,multicast_linked,one_to_all,True,False,False,25,0,1252.0,26.17252396166134
16384,4,blackhole,riscv_0,930816,L1,multicast_linked,one_to_all,True,False,False,25,0,1800.0,36.40888888888889
32768,4,blackhole,riscv_0,931840,L1,multicast_linked,one_to_all,True,False,False,25,0,3223.0,40.66770089978281
65536,4,blackhole,riscv_0,932864,L1,multicast_linked,one_to_all,True,False,False,25,0,6012.0,43.60345974717232
64,16,blackhole,riscv_0,933888,L1,multicast_linked,one_to_all,True,False,False,25,0,1013.0,1.0108588351431391
128,16,blackhole,riscv_0,934912,L1,multicast_linked,one_to_all,True,False,False,25,0,1021.0,2.0058765915768855
256,16,blackhole,riscv_0,935936,L1,multicast_linked,one_to_all,True,False,False,25,0,1020.0,4.015686274509804
512,16,blackhole,riscv_0,936960,L1,multicast_linked,one_to_all,True,False,False,25,0,1022.0,8.015655577299412
1024,16,blackhole,riscv_0,937984,L1,multicast_linked,one_to_all,True,False,False,25,0,1046.0,15.663479923518164
2048,16,blackhole,riscv_0,939008,L1,multicast_linked,one_to_all,True,False,False,25,0,1293.0,25.34261407579273
4096,16,blackhole,riscv_0,940032,L1,multicast_linked,one_to_all,True,False,False,25,0,1832.0,35.77292576419214
8192,16,blackhole,riscv_0,941056,L1,multicast_linked,one_to_all,True,False,False,25,0,2907.0,45.08840729274166
16384,16,blackhole,riscv_0,942080,L1,multicast_linked,one_to_all,True,False,False,25,0,5069.0,51.715131189583744
32768,16,blackhole,riscv_0,943104,L1,multicast_linked,one_to_all,True,False,False,25,0,9751.0,53.767613578094554
65536,16,blackhole,riscv_0,944128,L1,multicast_linked,one_to_all,True,False,False,25,0,19139.0,54.78739746068238
64,64,blackhole,riscv_0,945152,L1,multicast_linked,one_to_all,True,False,False,25,0,2219.0,1.8458765209553853
128,64,blackhole,riscv_0,946176,L1,multicast_linked,one_to_all,True,False,False,25,0,2219.0,3.6917530419107707
256,64,blackhole,riscv_0,947200,L1,multicast_linked,one_to_all,True,False,False,25,0,2220.0,7.38018018018018
512,64,blackhole,riscv_0,948224,L1,multicast_linked,one_to_all,True,False,False,25,0,2219.0,14.767012167643083
1024,64,blackhole,riscv_0,949248,L1,multicast_linked,one_to_all,True,False,False,25,0,2229.0,29.401525347689546
2048,64,blackhole,riscv_0,950272,L1,multicast_linked,one_to_all,True,False,False,25,0,3103.0,42.24041250402836
4096,64,blackhole,riscv_0,951296,L1,multicast_linked,one_to_all,True,False,False,25,0,5232.0,50.103975535168196
8192,64,blackhole,riscv_0,952320,L1,multicast_linked,one_to_all,True,False,False,25,0,9547.0,54.916518277993084
16384,64,blackhole,riscv_0,953344,L1,multicast_linked,one_to_all,True,False,False,25,0,18107.0,57.90997956591374
32768,64,blackhole,riscv_0,954368,L1,multicast_linked,one_to_all,True,False,False,25,0,35815.0,58.55513053190004
65536,64,blackhole,riscv_0,955392,L1,multicast_linked,one_to_all,True,False,False,25,0,71279.0,58.84347423504819
64,256,blackhole,riscv_0,956416,L1,multicast_linked,one_to_all,True,False,False,25,0,7036.0,2.328595793064241
128,256,blackhole,riscv_0,957440,L1,multicast_linked,one_to_all,True,False,False,25,0,7026.0,4.663820096783376
256,256,blackhole,riscv_0,958464,L1,multicast_linked,one_to_all,True,False,False,25,0,7022.0,9.332953574480205
512,256,blackhole,riscv_0,959488,L1,multicast_linked,one_to_all,True,False,False,25,0,7029.0,18.647318252952054
1024,256,blackhole,riscv_0,960512,L1,multicast_linked,one_to_all,True,False,False,25,0,7036.0,37.257532689027855
2048,256,blackhole,riscv_0,961536,L1,multicast_linked,one_to_all,True,False,False,25,0,10361.0,50.60206543769906
4096,256,blackhole,riscv_0,962560,L1,multicast_linked,one_to_all,True,False,False,25,0,18829.0,55.68941526368899
8192,256,blackhole,riscv_0,963584,L1,multicast_linked,one_to_all,True,False,False,25,0,35935.0,58.35959371086684
16384,256,blackhole,riscv_0,964608,L1,multicast_linked,one_to_all,True,False,False,25,0,70877.0,59.17722251223952
32768,256,blackhole,riscv_0,965632,L1,multicast_linked,one_to_all,True,False,False,25,0,140257.0,59.80883663560464
65536,256,blackhole,riscv_0,966656,L1,multicast_linked,one_to_all,True,False,False,25,0,280118.0,59.89338778657566
64,64,blackhole,riscv_0,967680,L1,unicast,one_to_all,True,False,False,64,0,2712.0,1.5103244837758112
128,64,blackhole,riscv_0,968704,L1,unicast,one_to_all,True,False,False,64,0,2721.0,3.0106578463800076
256,64,blackhole,riscv_0,969728,L1,unicast,one_to_all,True,False,False,64,0,2718.0,6.027961736571008
512,64,blackhole,riscv_0,970752,L1,unicast,one_to_all,True,False,False,64,0,2716.0,12.06480117820324
1024,64,blackhole,riscv_0,971776,L1,unicast,one_to_all,True,False,False,64,0,2723.0,24.067572530297465
2048,64,blackhole,riscv_0,972800,L1,unicast,one_to_all,True,False,False,64,0,2744.0,47.7667638483965
4096,64,blackhole,riscv_0,973824,L1,unicast,one_to_all,True,False,False,64,0,4606.0,56.913590968302216
8192,64,blackhole,riscv_0,974848,L1,unicast,one_to_all,True,False,False,64,0,8792.0,59.632393084622386
16384,64,blackhole,riscv_0,975872,L1,unicast,one_to_all,True,False,False,64,0,17162.0,61.098706444470345
32768,64,blackhole,riscv_0,976896,L1,unicast,one_to_all,True,False,False,64,0,34083.0,61.53073379690755
65536,64,blackhole,riscv_0,977920,L1,unicast,one_to_all,True,False,False,64,0,67530.0,62.11023248926403
64,256,blackhole,riscv_0,978944,L1,unicast,one_to_all,True,False,False,64,0,7917.0,2.0694707591259314
128,256,blackhole,riscv_0,979968,L1,unicast,one_to_all,True,False,False,64,0,7896.0,4.149949341438703
256,256,blackhole,riscv_0,980992,L1,unicast,one_to_all,True,False,False,64,0,7899.0,8.296746423597924
512,256,blackhole,riscv_0,982016,L1,unicast,one_to_all,True,False,False,64,0,7918.0,16.553675170497602
1024,256,blackhole,riscv_0,983040,L1,unicast,one_to_all,True,False,False,64,0,7914.0,33.124083901945916
2048,256,blackhole,riscv_0,984064,L1,unicast,one_to_all,True,False,False,64,0,9027.0,58.079982275396034
4096,256,blackhole,riscv_0,985088,L1,unicast,one_to_all,True,False,False,64,0,17293.0,60.63586422251778
8192,256,blackhole,riscv_0,986112,L1,unicast,one_to_all,True,False,False,64,0,34068.0,61.55782552541975
16384,256,blackhole,riscv_0,987136,L1,unicast,one_to_all,True,False,False,64,0,67576.0,62.06795311945069
32768,256,blackhole,riscv_0,988160,L1,unicast,one_to_all,True,False,False,64,0,134540.0,62.35028987661662
65536,256,blackhole,riscv_0,989184,L1,unicast,one_to_all,True,False,False,64,0,270305.0,62.067723497530565
64,1024,blackhole,riscv_0,990208,L1,unicast,one_to_all,True,False,False,64,0,25581.0,2.561901411203628
128,1024,blackhole,riscv_0,991232,L1,unicast,one_to_all,True,False,False,64,0,25590.0,5.122000781555295
256,1024,blackhole,riscv_0,992256,L1,unicast,one_to_all,True,False,False,64,0,25583.0,10.24680451862565
512,1024,blackhole,riscv_0,993280,L1,unicast,one_to_all,True,False,False,64,0,25598.0,20.481600125009766
1024,1024,blackhole,riscv_0,994304,L1,unicast,one_to_all,True,False,False,64,0,25587.0,40.98081056786649
2048,1024,blackhole,riscv_0,995328,L1,unicast,one_to_all,True,False,False,64,0,35098.0,59.75132486181549
4096,1024,blackhole,riscv_0,996352,L1,unicast,one_to_all,True,False,False,64,0,68027.0,61.6564599350258
8192,1024,blackhole,riscv_0,997376,L1,unicast,one_to_all,True,False,False,64,0,135627.0,61.850575475384694
16384,1024,blackhole,riscv_0,998400,L1,unicast,one_to_all,True,False,False,64,0,268905.0,62.39086666294788
32768,1024,blackhole,riscv_0,999424,L1,unicast,one_to_all,True,False,False,64,0,537183.0,62.46368928279562
65536,1024,blackhole,riscv_0,1000448,L1,unicast,one_to_all,True,False,False,64,0,1073489.0,62.51471975958766
64,4096,blackhole,riscv_0,1001472,L1,unicast,one_to_all,True,False,False,64,0,96287.0,2.722527443995555
128,4096,blackhole,riscv_0,1002496,L1,unicast,one_to_all,True,False,False,64,0,96288.0,5.444998338318378
256,4096,blackhole,riscv_0,1003520,L1,unicast,one_to_all,True,False,False,64,0,96319.0,10.886491761750019
512,4096,blackhole,riscv_0,1004544,L1,unicast,one_to_all,True,False,False,64,0,96282.0,21.78135061589913
1024,4096,blackhole,riscv_0,1005568,L1,unicast,one_to_all,True,False,False,64,0,96355.0,43.529697472886724
2048,4096,blackhole,riscv_0,1006592,L1,unicast,one_to_all,True,False,False,64,0,139548.0,60.112706738899874
4096,4096,blackhole,riscv_0,1007616,L1,unicast,one_to_all,True,False,False,64,0,270784.0,61.95792956747814
8192,4096,blackhole,riscv_0,1008640,L1,unicast,one_to_all,True,False,False,64,0,538743.0,62.282817595773864
16384,4096,blackhole,riscv_0,1009664,L1,unicast,one_to_all,True,False,False,64,0,1077167.0,62.30126247833437
32768,4096,blackhole,riscv_0,1010688,L1,unicast,one_to_all,True,False,False,64,0,2146857.0,62.5182431806124
65536,4096,blackhole,riscv_0,1011712,L1,unicast,one_to_all,True,False,False,64,0,4292831.0,62.53110266861192
64,16384,blackhole,riscv_0,1012736,L1,unicast,one_to_all,True,False,False,64,0,379150.0,2.7655967295265724
128,16384,blackhole,riscv_0,1013760,L1,unicast,one_to_all,True,False,False,64,0,379147.0,5.53123722461209
256,16384,blackhole,riscv_0,1014784,L1,unicast,one_to_all,True,False,False,64,0,379150.0,11.06238691810629
512,16384,blackhole,riscv_0,1015808,L1,unicast,one_to_all,True,False,False,64,0,379142.0,22.12524067499776
1024,16384,blackhole,riscv_0,1016832,L1,unicast,one_to_all,True,False,False,64,0,379166.0,44.24768043548208
2048,16384,blackhole,riscv_0,1017856,L1,unicast,one_to_all,True,False,False,64,0,557327.0,60.206004733307374
4096,16384,blackhole,riscv_0,1018880,L1,unicast,one_to_all,True,False,False,64,0,1081608.0,62.04545824365204
8192,16384,blackhole,riscv_0,1019904,L1,unicast,one_to_all,True,False,False,64,0,2153467.0,62.32634537701298
16384,16384,blackhole,riscv_0,1020928,L1,unicast,one_to_all,True,False,False,64,0,4291981.0,62.543486562498764
32768,16384,blackhole,riscv_0,1021952,L1,unicast,one_to_all,True,False,False,64,0,8638589.0,62.14798643621082
65536,16384,blackhole,riscv_0,1022976,L1,unicast,one_to_all,True,False,False,64,0,17180352.0,62.49824357498613
64,64,blackhole,riscv_0,1024000,L1,unicast,one_to_all,True,True,False,64,0,3253.0,1.2591454042422379
128,64,blackhole,riscv_0,1025024,L1,unicast,one_to_all,True,True,False,64,0,3253.0,2.5182908084844757
256,64,blackhole,riscv_0,1026048,L1,unicast,one_to_all,True,True,False,64,0,3252.0,5.038130381303813
512,64,blackhole,riscv_0,1027072,L1,unicast,one_to_all,True,True,False,64,0,3260.0,10.051533742331289
1024,64,blackhole,riscv_0,1028096,L1,unicast,one_to_all,True,True,False,64,0,3236.0,20.252163164400493
2048,64,blackhole,riscv_0,1029120,L1,unicast,one_to_all,True,True,False,64,0,3273.0,40.04644057439658
4096,64,blackhole,riscv_0,1030144,L1,unicast,one_to_all,True,True,False,64,0,4632.0,56.59412780656304
8192,64,blackhole,riscv_0,1031168,L1,unicast,one_to_all,True,True,False,64,0,8798.0,59.59172539213458
64,256,blackhole,riscv_0,1032192,L1,unicast,one_to_all,True,True,False,64,0,7894.0,2.07550038003547
128,256,blackhole,riscv_0,1033216,L1,unicast,one_to_all,True,True,False,64,0,7900.0,4.147848101265823
256,256,blackhole,riscv_0,1034240,L1,unicast,one_to_all,True,True,False,64,0,7908.0,8.287303995953465
512,256,blackhole,riscv_0,1035264,L1,unicast,one_to_all,True,True,False,64,0,7902.0,16.58719311566692
1024,256,blackhole,riscv_0,1036288,L1,unicast,one_to_all,True,True,False,64,0,7932.0,33.04891578416541
2048,256,blackhole,riscv_0,1037312,L1,unicast,one_to_all,True,True,False,64,0,10049.0,52.17315155736889
4096,256,blackhole,riscv_0,1038336,L1,unicast,one_to_all,True,True,False,64,0,17392.0,60.29070837166513
8192,256,blackhole,riscv_0,1039360,L1,unicast,one_to_all,True,True,False,64,0,34063.0,61.566861403869304
64,1024,blackhole,riscv_0,1040384,L1,unicast,one_to_all,True,True,False,64,0,23263.0,2.817177492154924
128,1024,blackhole,riscv_0,1041408,L1,unicast,one_to_all,True,True,False,64,0,23262.0,5.634597197145559
256,1024,blackhole,riscv_0,1042432,L1,unicast,one_to_all,True,True,False,64,0,23254.0,11.273071299561366
512,1024,blackhole,riscv_0,1043456,L1,unicast,one_to_all,True,True,False,64,0,23255.0,22.545173081057836
1024,1024,blackhole,riscv_0,1044480,L1,unicast,one_to_all,True,True,False,64,0,23274.0,45.05353613474263
2048,1024,blackhole,riscv_0,1045504,L1,unicast,one_to_all,True,True,False,64,0,35506.0,59.06472145552864
4096,1024,blackhole,riscv_0,1046528,L1,unicast,one_to_all,True,True,False,64,0,68263.0,61.443300177255615
8192,1024,blackhole,riscv_0,1047552,L1,unicast,one_to_all,True,True,False,64,0,135095.0,62.0941411599245
64,4096,blackhole,riscv_0,1048576,L1,unicast,one_to_all,True,True,False,64,0,84705.0,3.0947877929283987
128,4096,blackhole,riscv_0,1049600,L1,unicast,one_to_all,True,True,False,64,0,84699.0,6.190014049752653
256,4096,blackhole,riscv_0,1050624,L1,unicast,one_to_all,True,True,False,64,0,84697.0,12.380320436379092
512,4096,blackhole,riscv_0,1051648,L1,unicast,one_to_all,True,True,False,64,0,84709.0,24.75713324440142
1024,4096,blackhole,riscv_0,1052672,L1,unicast,one_to_all,True,True,False,64,0,84705.0,49.51660468685438
2048,4096,blackhole,riscv_0,1053696,L1,unicast,one_to_all,True,True,False,64,0,138248.0,60.67797002488282
4096,4096,blackhole,riscv_0,1054720,L1,unicast,one_to_all,True,True,False,64,0,271761.0,61.73518643219594
8192,4096,blackhole,riscv_0,1055744,L1,unicast,one_to_all,True,True,False,64,0,538788.0,62.277615685575775
64,16384,blackhole,riscv_0,1056768,L1,unicast,one_to_all,True,True,False,64,0,330451.0,3.1731663695979133
128,16384,blackhole,riscv_0,1057792,L1,unicast,one_to_all,True,True,False,64,0,330450.0,6.346351944318354
256,16384,blackhole,riscv_0,1058816,L1,unicast,one_to_all,True,True,False,64,0,330449.0,12.692742299114235
512,16384,blackhole,riscv_0,1059840,L1,unicast,one_to_all,True,True,False,64,0,330456.0,25.3849468613068
1024,16384,blackhole,riscv_0,1060864,L1,unicast,one_to_all,True,True,False,64,0,330472.0,50.767435667772155
2048,16384,blackhole,riscv_0,1061888,L1,unicast,one_to_all,True,True,False,64,0,550074.0,60.99985092914771
4096,16384,blackhole,riscv_0,1062912,L1,unicast,one_to_all,True,True,False,64,0,1086812.0,61.74836494260277
8192,16384,blackhole,riscv_0,1063936,L1,unicast,one_to_all,True,True,False,64,0,2153761.0,62.3178374945038
64,1,blackhole,riscv_0,1121280,L1,multicast,one_to_all,True,False,False,64,0,760.0,0.08421052631578947
128,1,blackhole,riscv_0,1122304,L1,multicast,one_to_all,True,False,False,64,0,749.0,0.17089452603471295
256,1,blackhole,riscv_0,1123328,L1,multicast,one_to_all,True,False,False,64,0,747.0,0.3427041499330656
512,1,blackhole,riscv_0,1124352,L1,multicast,one_to_all,True,False,False,64,0,755.0,0.6781456953642384
1024,1,blackhole,riscv_0,1125376,L1,multicast,one_to_all,True,False,False,64,0,763.0,1.3420707732634338
2048,1,blackhole,riscv_0,1126400,L1,multicast,one_to_all,True,False,False,64,0,794.0,2.579345088161209
4096,1,blackhole,riscv_0,1127424,L1,multicast,one_to_all,True,False,False,64,0,812.0,5.044334975369458
8192,1,blackhole,riscv_0,1128448,L1,multicast,one_to_all,True,False,False,64,0,888.0,9.225225225225225
16384,1,blackhole,riscv_0,1129472,L1,multicast,one_to_all,True,False,False,64,0,1020.0,16.062745098039215
32768,1,blackhole,riscv_0,1130496,L1,multicast,one_to_all,True,False,False,64,0,1688.0,19.412322274881518
65536,1,blackhole,riscv_0,1131520,L1,multicast,one_to_all,True,False,False,64,0,2951.0,22.208065062690615
64,4,blackhole,riscv_0,1132544,L1,multicast,one_to_all,True,False,False,64,0,1863.0,0.1374127750939345
128,4,blackhole,riscv_0,1133568,L1,multicast,one_to_all,True,False,False,64,0,1863.0,0.274825550187869
256,4,blackhole,riscv_0,1134592,L1,multicast,one_to_all,True,False,False,64,0,1879.0,0.5449707291112293
512,4,blackhole,riscv_0,1135616,L1,multicast,one_to_all,True,False,False,64,0,1886.0,1.085896076352068
1024,4,blackhole,riscv_0,1136640,L1,multicast,one_to_all,True,False,False,64,0,1935.0,2.1167958656330748
2048,4,blackhole,riscv_0,1137664,L1,multicast,one_to_all,True,False,False,64,0,2356.0,3.4770797962648556
4096,4,blackhole,riscv_0,1138688,L1,multicast,one_to_all,True,False,False,64,0,2498.0,6.558847077662129
8192,4,blackhole,riscv_0,1139712,L1,multicast,one_to_all,True,False,False,64,0,2429.0,13.490325236722931
16384,4,blackhole,riscv_0,1140736,L1,multicast,one_to_all,True,False,False,64,0,3326.0,19.70414912808178
32768,4,blackhole,riscv_0,1141760,L1,multicast,one_to_all,True,False,False,64,0,5534.0,23.684857246114927
65536,4,blackhole,riscv_0,1142784,L1,multicast,one_to_all,True,False,False,64,0,10673.0,24.561416658858803
64,16,blackhole,riscv_0,1143808,L1,multicast,one_to_all,True,False,False,64,0,6342.0,0.16146326080100915
128,16,blackhole,riscv_0,1144832,L1,multicast,one_to_all,True,False,False,64,0,6355.0,0.3222659323367427
256,16,blackhole,riscv_0,1145856,L1,multicast,one_to_all,True,False,False,64,0,6390.0,0.6410015649452269
512,16,blackhole,riscv_0,1146880,L1,multicast,one_to_all,True,False,False,64,0,6454.0,1.2692903625658507
1024,16,blackhole,riscv_0,1147904,L1,multicast,one_to_all,True,False,False,64,0,6587.0,2.487323516016396
2048,16,blackhole,riscv_0,1148928,L1,multicast,one_to_all,True,False,False,64,0,6880.0,4.7627906976744185
4096,16,blackhole,riscv_0,1149952,L1,multicast,one_to_all,True,False,False,64,0,7412.0,8.841878035617917
8192,16,blackhole,riscv_0,1150976,L1,multicast,one_to_all,True,False,False,64,0,8523.0,15.378622550745042
16384,16,blackhole,riscv_0,1152000,L1,multicast,one_to_all,True,False,False,64,0,10673.0,24.561416658858803
32768,16,blackhole,riscv_0,1153024,L1,multicast,one_to_all,True,False,False,64,0,21398.0,24.501729133563884
65536,16,blackhole,riscv_0,1154048,L1,multicast,one_to_all,True,False,False,64,0,41520.0,25.254720616570328
64,64,blackhole,riscv_0,1155072,L1,multicast,one_to_all,True,False,False,64,0,24244.0,0.1689490183138096
128,64,blackhole,riscv_0,1156096,L1,multicast,one_to_all,True,False,False,64,0,24307.0,0.33702225696301474
256,64,blackhole,riscv_0,1157120,L1,multicast,one_to_all,True,False,False,64,0,24434.0,0.6705410493574527
512,64,blackhole,riscv_0,1158144,L1,multicast,one_to_all,True,False,False,64,0,24690.0,1.3271769947347105
1024,64,blackhole,riscv_0,1159168,L1,multicast,one_to_all,True,False,False,64,0,25221.0,2.5984695293604534
2048,64,blackhole,riscv_0,1160192,L1,multicast,one_to_all,True,False,False,64,0,26366.0,4.9712508533717665
4096,64,blackhole,riscv_0,1161216,L1,multicast,one_to_all,True,False,False,64,0,28570.0,9.175498774938747
8192,64,blackhole,riscv_0,1162240,L1,multicast,one_to_all,True,False,False,64,0,32913.0,15.929511135417616
16384,64,blackhole,riscv_0,1163264,L1,multicast,one_to_all,True,False,False,64,0,41527.0,25.250463553832446
32768,64,blackhole,riscv_0,1164288,L1,multicast,one_to_all,True,False,False,64,0,82719.0,25.352724283417352
65536,64,blackhole,riscv_0,1165312,L1,multicast,one_to_all,True,False,False,64,0,165655.0,25.319513446620988
64,256,blackhole,riscv_0,1166336,L1,multicast,one_to_all,True,False,False,64,0,95859.0,0.1709177020415402
128,256,blackhole,riscv_0,1167360,L1,multicast,one_to_all,True,False,False,64,0,96115.0,0.340924933673204
256,256,blackhole,riscv_0,1168384,L1,multicast,one_to_all,True,False,False,64,0,96626.0,0.6782439509034836
512,256,blackhole,riscv_0,1169408,L1,multicast,one_to_all,True,False,False,64,0,97666.0,1.3420432903978867
1024,256,blackhole,riscv_0,1170432,L1,multicast,one_to_all,True,False,False,64,0,99731.0,2.628510693766231
2048,256,blackhole,riscv_0,1171456,L1,multicast,one_to_all,True,False,False,64,0,104552.0,5.0146147371642815
4096,256,blackhole,riscv_0,1172480,L1,multicast,one_to_all,True,False,False,64,0,113069.0,9.27377088326597
8192,256,blackhole,riscv_0,1173504,L1,multicast,one_to_all,True,False,False,64,0,130537.0,16.065575277507527
16384,256,blackhole,riscv_0,1174528,L1,multicast,one_to_all,True,False,False,64,0,165296.0,25.374503920240056
32768,256,blackhole,riscv_0,1175552,L1,multicast,one_to_all,True,False,False,64,0,329555.0,25.454349046441415
65536,256,blackhole,riscv_0,1176576,L1,multicast,one_to_all,True,False,False,64,0,659071.0,25.455855287214884
64,1,blackhole,riscv_0,1233920,L1,multicast_linked,one_to_all,True,False,False,64,0,747.0,0.0856760374832664
128,1,blackhole,riscv_0,1234944,L1,multicast_linked,one_to_all,True,False,False,64,0,747.0,0.1713520749665328
256,1,blackhole,riscv_0,1235968,L1,multicast_linked,one_to_all,True,False,False,64,0,746.0,0.34316353887399464
512,1,blackhole,riscv_0,1236992,L1,multicast_linked,one_to_all,True,False,False,64,0,764.0,0.6701570680628273
1024,1,blackhole,riscv_0,1238016,L1,multicast_linked,one_to_all,True,False,False,64,0,763.0,1.3420707732634338
2048,1,blackhole,riscv_0,1239040,L1,multicast_linked,one_to_all,True,False,False,64,0,795.0,2.5761006289308175
4096,1,blackhole,riscv_0,1240064,L1,multicast_linked,one_to_all,True,False,False,64,0,825.0,4.964848484848485
8192,1,blackhole,riscv_0,1241088,L1,multicast_linked,one_to_all,True,False,False,64,0,885.0,9.256497175141243
16384,1,blackhole,riscv_0,1242112,L1,multicast_linked,one_to_all,True,False,False,64,0,1029.0,15.922254616132166
32768,1,blackhole,riscv_0,1243136,L1,multicast_linked,one_to_all,True,False,False,64,0,1678.0,19.528009535160905
65536,1,blackhole,riscv_0,1244160,L1,multicast_linked,one_to_all,True,False,False,64,0,2960.0,22.14054054054054
64,4,blackhole,riscv_0,1245184,L1,multicast_linked,one_to_all,True,False,False,64,0,910.0,0.2813186813186813
128,4,blackhole,riscv_0,1246208,L1,multicast_linked,one_to_all,True,False,False,64,0,910.0,0.5626373626373626
256,4,blackhole,riscv_0,1247232,L1,multicast_linked,one_to_all,True,False,False,64,0,910.0,1.1252747252747253
512,4,blackhole,riscv_0,1248256,L1,multicast_linked,one_to_all,True,False,False,64,0,920.0,2.226086956521739
1024,4,blackhole,riscv_0,1249280,L1,multicast_linked,one_to_all,True,False,False,64,0,929.0,4.409041980624327
2048,4,blackhole,riscv_0,1250304,L1,multicast_linked,one_to_all,True,False,False,64,0,958.0,8.551148225469728
4096,4,blackhole,riscv_0,1251328,L1,multicast_linked,one_to_all,True,False,False,64,0,1044.0,15.693486590038313
8192,4,blackhole,riscv_0,1252352,L1,multicast_linked,one_to_all,True,False,False,64,0,1340.0,24.453731343283582
16384,4,blackhole,riscv_0,1253376,L1,multicast_linked,one_to_all,True,False,False,64,0,1871.0,35.027258150721536
32768,4,blackhole,riscv_0,1254400,L1,multicast_linked,one_to_all,True,False,False,64,0,3334.0,39.31373725254949
65536,4,blackhole,riscv_0,1255424,L1,multicast_linked,one_to_all,True,False,False,64,0,6280.0,41.74267515923567
64,16,blackhole,riscv_0,1256448,L1,multicast_linked,one_to_all,True,False,False,64,0,1670.0,0.6131736526946108
128,16,blackhole,riscv_0,1257472,L1,multicast_linked,one_to_all,True,False,False,64,0,1670.0,1.2263473053892215
256,16,blackhole,riscv_0,1258496,L1,multicast_linked,one_to_all,True,False,False,64,0,1672.0,2.449760765550239
512,16,blackhole,riscv_0,1259520,L1,multicast_linked,one_to_all,True,False,False,64,0,1675.0,4.8907462686567165
1024,16,blackhole,riscv_0,1260544,L1,multicast_linked,one_to_all,True,False,False,64,0,1684.0,9.729216152019003
2048,16,blackhole,riscv_0,1261568,L1,multicast_linked,one_to_all,True,False,False,64,0,1720.0,19.051162790697674
4096,16,blackhole,riscv_0,1262592,L1,multicast_linked,one_to_all,True,False,False,64,0,1927.0,34.00934094447327
8192,16,blackhole,riscv_0,1263616,L1,multicast_linked,one_to_all,True,False,False,64,0,3015.0,43.47330016583748
16384,16,blackhole,riscv_0,1264640,L1,multicast_linked,one_to_all,True,False,False,64,0,5160.0,50.8031007751938
32768,16,blackhole,riscv_0,1265664,L1,multicast_linked,one_to_all,True,False,False,64,0,9917.0,52.86760108903903
65536,16,blackhole,riscv_0,1266688,L1,multicast_linked,one_to_all,True,False,False,64,0,19395.0,54.064243361691155
64,64,blackhole,riscv_0,1267712,L1,multicast_linked,one_to_all,True,False,False,64,0,4735.0,0.8650475184794086
128,64,blackhole,riscv_0,1268736,L1,multicast_linked,one_to_all,True,False,False,64,0,4744.0,1.72681281618887
256,64,blackhole,riscv_0,1269760,L1,multicast_linked,one_to_all,True,False,False,64,0,4756.0,3.444911690496215
512,64,blackhole,riscv_0,1270784,L1,multicast_linked,one_to_all,True,False,False,64,0,4752.0,6.895622895622895
1024,64,blackhole,riscv_0,1271808,L1,multicast_linked,one_to_all,True,False,False,64,0,4760.0,13.768067226890757
2048,64,blackhole,riscv_0,1272832,L1,multicast_linked,one_to_all,True,False,False,64,0,4801.0,27.3009789627161
4096,64,blackhole,riscv_0,1273856,L1,multicast_linked,one_to_all,True,False,False,64,0,5454.0,48.064539787312064
8192,64,blackhole,riscv_0,1274880,L1,multicast_linked,one_to_all,True,False,False,64,0,9734.0,53.86151633449764
16384,64,blackhole,riscv_0,1275904,L1,multicast_linked,one_to_all,True,False,False,64,0,18396.0,57.0002174385736
32768,64,blackhole,riscv_0,1276928,L1,multicast_linked,one_to_all,True,False,False,64,0,36181.0,57.96279815372709
65536,64,blackhole,riscv_0,1277952,L1,multicast_linked,one_to_all,True,False,False,64,0,71864.0,58.3644662139597
64,256,blackhole,riscv_0,1278976,L1,multicast_linked,one_to_all,True,False,False,64,0,17025.0,0.9623494860499265
128,256,blackhole,riscv_0,1280000,L1,multicast_linked,one_to_all,True,False,False,64,0,17024.0,1.9248120300751879
256,256,blackhole,riscv_0,1281024,L1,multicast_linked,one_to_all,True,False,False,64,0,17026.0,3.8491718548102902
512,256,blackhole,riscv_0,1282048,L1,multicast_linked,one_to_all,True,False,False,64,0,17034.0,7.694728190677469
1024,256,blackhole,riscv_0,1283072,L1,multicast_linked,one_to_all,True,False,False,64,0,17044.0,15.380427129781742
2048,256,blackhole,riscv_0,1284096,L1,multicast_linked,one_to_all,True,False,False,64,0,17082.0,30.692424774616555
4096,256,blackhole,riscv_0,1285120,L1,multicast_linked,one_to_all,True,False,False,64,0,19561.0,53.60543939471397
8192,256,blackhole,riscv_0,1286144,L1,multicast_linked,one_to_all,True,False,False,64,0,36566.0,57.35251326368758
16384,256,blackhole,riscv_0,1287168,L1,multicast_linked,one_to_all,True,False,False,64,0,70806.0,59.23656187328758
32768,256,blackhole,riscv_0,1288192,L1,multicast_linked,one_to_all,True,False,False,64,0,141661.0,59.21607217229866
65536,256,blackhole,riscv_0,1289216,L1,multicast_linked,one_to_all,True,False,False,64,0,282004.0,59.49282988893775
