Transaction Size (bytes),Number of Transactions,Architecture,RISC-V Processor,Run Host ID,Memory type,Mechanism,Pattern,Same axis,Stateful,Loopback,Number of subordinates,NoC Index,Latency (cycles),Bandwidth (bytes/cycle)
32,1,wormhole_b0,riscv_0,102400,L1,multicast,one_to_all,True,False,True,4,0,326.0,0.09815950920245399
64,1,wormhole_b0,riscv_0,103424,L1,multicast,one_to_all,True,False,True,4,0,328.0,0.1951219512195122
128,1,wormhole_b0,riscv_0,104448,L1,multicast,one_to_all,True,False,True,4,0,330.0,0.3878787878787879
256,1,wormhole_b0,riscv_0,105472,L1,multicast,one_to_all,True,False,True,4,0,343.0,0.7463556851311953
512,1,wormhole_b0,riscv_0,106496,L1,multicast,one_to_all,True,False,True,4,0,343.0,1.4927113702623906
1024,1,wormhole_b0,riscv_0,107520,L1,multicast,one_to_all,True,False,True,4,0,370.0,2.7675675675675677
2048,1,wormhole_b0,riscv_0,108544,L1,multicast,one_to_all,True,False,True,4,0,408.0,5.019607843137255
4096,1,wormhole_b0,riscv_0,109568,L1,multicast,one_to_all,True,False,True,4,0,496.0,8.258064516129032
8192,1,wormhole_b0,riscv_0,110592,L1,multicast,one_to_all,True,False,True,4,0,673.0,12.172362555720653
16384,1,wormhole_b0,riscv_0,111616,L1,multicast,one_to_all,True,False,True,4,0,968.0,16.925619834710744
32768,1,wormhole_b0,riscv_0,112640,L1,multicast,one_to_all,True,False,True,4,0,1604.0,20.428927680798004
65536,1,wormhole_b0,riscv_0,113664,L1,multicast,one_to_all,True,False,True,4,0,2811.0,23.314123087869085
32,4,wormhole_b0,riscv_0,114688,L1,multicast,one_to_all,True,False,True,4,0,440.0,0.2909090909090909
64,4,wormhole_b0,riscv_0,115712,L1,multicast,one_to_all,True,False,True,4,0,448.0,0.5714285714285714
128,4,wormhole_b0,riscv_0,116736,L1,multicast,one_to_all,True,False,True,4,0,460.0,1.1130434782608696
256,4,wormhole_b0,riscv_0,117760,L1,multicast,one_to_all,True,False,True,4,0,473.0,2.1649048625792813
512,4,wormhole_b0,riscv_0,118784,L1,multicast,one_to_all,True,False,True,4,0,518.0,3.9536679536679538
1024,4,wormhole_b0,riscv_0,119808,L1,multicast,one_to_all,True,False,True,4,0,587.0,6.977853492333901
2048,4,wormhole_b0,riscv_0,120832,L1,multicast,one_to_all,True,False,True,4,0,756.0,10.835978835978835
4096,4,wormhole_b0,riscv_0,121856,L1,multicast,one_to_all,True,False,True,4,0,1042.0,15.723608445297504
8192,4,wormhole_b0,riscv_0,122880,L1,multicast,one_to_all,True,False,True,4,0,1617.0,20.264687693259123
16384,4,wormhole_b0,riscv_0,123904,L1,multicast,one_to_all,True,False,True,4,0,2840.0,23.07605633802817
32768,4,wormhole_b0,riscv_0,124928,L1,multicast,one_to_all,True,False,True,4,0,5289.0,24.782000378143316
65536,4,wormhole_b0,riscv_0,125952,L1,multicast,one_to_all,True,False,True,4,0,10186.0,25.73571568819949
32,16,wormhole_b0,riscv_0,126976,L1,multicast,one_to_all,True,False,True,4,0,907.0,0.5644983461962514
64,16,wormhole_b0,riscv_0,128000,L1,multicast,one_to_all,True,False,True,4,0,930.0,1.1010752688172043
128,16,wormhole_b0,riscv_0,129024,L1,multicast,one_to_all,True,False,True,4,0,969.0,2.113519091847265
256,16,wormhole_b0,riscv_0,130048,L1,multicast,one_to_all,True,False,True,4,0,1024.0,4.0
512,16,wormhole_b0,riscv_0,131072,L1,multicast,one_to_all,True,False,True,4,0,1185.0,6.913080168776371
1024,16,wormhole_b0,riscv_0,132096,L1,multicast,one_to_all,True,False,True,4,0,1465.0,11.183617747440273
2048,16,wormhole_b0,riscv_0,133120,L1,multicast,one_to_all,True,False,True,4,0,2022.0,16.205736894164193
4096,16,wormhole_b0,riscv_0,134144,L1,multicast,one_to_all,True,False,True,4,0,3122.0,20.99167200512492
8192,16,wormhole_b0,riscv_0,135168,L1,multicast,one_to_all,True,False,True,4,0,5264.0,24.89969604863222
16384,16,wormhole_b0,riscv_0,136192,L1,multicast,one_to_all,True,False,True,4,0,10152.0,25.821907013396377
32768,16,wormhole_b0,riscv_0,137216,L1,multicast,one_to_all,True,False,True,4,0,19971.0,26.252466075809924
65536,16,wormhole_b0,riscv_0,138240,L1,multicast,one_to_all,True,False,True,4,0,39455.0,26.57650487897605
32,64,wormhole_b0,riscv_0,139264,L1,multicast,one_to_all,True,False,True,4,0,2784.0,0.735632183908046
64,64,wormhole_b0,riscv_0,140288,L1,multicast,one_to_all,True,False,True,4,0,2890.0,1.4173010380622837
128,64,wormhole_b0,riscv_0,141312,L1,multicast,one_to_all,True,False,True,4,0,3033.0,2.7009561490273657
256,64,wormhole_b0,riscv_0,142336,L1,multicast,one_to_all,True,False,True,4,0,3232.0,5.069306930693069
512,64,wormhole_b0,riscv_0,143360,L1,multicast,one_to_all,True,False,True,4,0,3872.0,8.462809917355372
1024,64,wormhole_b0,riscv_0,144384,L1,multicast,one_to_all,True,False,True,4,0,4928.0,13.2987012987013
2048,64,wormhole_b0,riscv_0,145408,L1,multicast,one_to_all,True,False,True,4,0,7052.0,18.58650028360749
4096,64,wormhole_b0,riscv_0,146432,L1,multicast,one_to_all,True,False,True,4,0,11369.0,23.057788723722403
8192,64,wormhole_b0,riscv_0,147456,L1,multicast,one_to_all,True,False,True,4,0,19945.0,26.286688393080972
16384,64,wormhole_b0,riscv_0,148480,L1,multicast,one_to_all,True,False,True,4,0,39457.0,26.575157766682718
32768,64,wormhole_b0,riscv_0,149504,L1,multicast,one_to_all,True,False,True,4,0,78771.0,26.62340201343134
65536,64,wormhole_b0,riscv_0,150528,L1,multicast,one_to_all,True,False,True,4,0,156754.0,26.757237454865585
32,256,wormhole_b0,riscv_0,151552,L1,multicast,one_to_all,True,False,True,4,0,10273.0,0.797430156721503
64,256,wormhole_b0,riscv_0,152576,L1,multicast,one_to_all,True,False,True,4,0,10753.0,1.5236678136334045
128,256,wormhole_b0,riscv_0,153600,L1,multicast,one_to_all,True,False,True,4,0,11290.0,2.9023914968999116
256,256,wormhole_b0,riscv_0,154624,L1,multicast,one_to_all,True,False,True,4,0,12067.0,5.431010193088588
512,256,wormhole_b0,riscv_0,155648,L1,multicast,one_to_all,True,False,True,4,0,14626.0,8.961575276904144
1024,256,wormhole_b0,riscv_0,156672,L1,multicast,one_to_all,True,False,True,4,0,18769.0,13.96686024828174
2048,256,wormhole_b0,riscv_0,157696,L1,multicast,one_to_all,True,False,True,4,0,27134.0,19.3221788162453
4096,256,wormhole_b0,riscv_0,158720,L1,multicast,one_to_all,True,False,True,4,0,44416.0,23.608069164265128
8192,256,wormhole_b0,riscv_0,159744,L1,multicast,one_to_all,True,False,True,4,0,78697.0,26.648436407995224
16384,256,wormhole_b0,riscv_0,160768,L1,multicast,one_to_all,True,False,True,4,0,156727.0,26.761847033376508
32768,256,wormhole_b0,riscv_0,161792,L1,multicast,one_to_all,True,False,True,4,0,313285.0,26.776283575657946
65536,256,wormhole_b0,riscv_0,162816,L1,multicast,one_to_all,True,False,True,4,0,625922.0,26.80400433280824
32,1,wormhole_b0,riscv_0,225280,L1,multicast_linked,one_to_all,True,False,True,4,0,326.0,0.09815950920245399
64,1,wormhole_b0,riscv_0,226304,L1,multicast_linked,one_to_all,True,False,True,4,0,326.0,0.19631901840490798
128,1,wormhole_b0,riscv_0,227328,L1,multicast_linked,one_to_all,True,False,True,4,0,336.0,0.38095238095238093
256,1,wormhole_b0,riscv_0,228352,L1,multicast_linked,one_to_all,True,False,True,4,0,337.0,0.7596439169139466
512,1,wormhole_b0,riscv_0,229376,L1,multicast_linked,one_to_all,True,False,True,4,0,344.0,1.4883720930232558
1024,1,wormhole_b0,riscv_0,230400,L1,multicast_linked,one_to_all,True,False,True,4,0,368.0,2.782608695652174
2048,1,wormhole_b0,riscv_0,231424,L1,multicast_linked,one_to_all,True,False,True,4,0,418.0,4.899521531100478
4096,1,wormhole_b0,riscv_0,232448,L1,multicast_linked,one_to_all,True,False,True,4,0,503.0,8.14314115308151
8192,1,wormhole_b0,riscv_0,233472,L1,multicast_linked,one_to_all,True,False,True,4,0,663.0,12.355957767722474
16384,1,wormhole_b0,riscv_0,234496,L1,multicast_linked,one_to_all,True,False,True,4,0,965.0,16.97823834196891
32768,1,wormhole_b0,riscv_0,235520,L1,multicast_linked,one_to_all,True,False,True,4,0,1610.0,20.3527950310559
65536,1,wormhole_b0,riscv_0,236544,L1,multicast_linked,one_to_all,True,False,True,4,0,2825.0,23.19858407079646
32,4,wormhole_b0,riscv_0,237568,L1,multicast_linked,one_to_all,True,False,True,4,0,401.0,0.3192019950124688
64,4,wormhole_b0,riscv_0,238592,L1,multicast_linked,one_to_all,True,False,True,4,0,405.0,0.6320987654320988
128,4,wormhole_b0,riscv_0,239616,L1,multicast_linked,one_to_all,True,False,True,4,0,411.0,1.245742092457421
256,4,wormhole_b0,riscv_0,240640,L1,multicast_linked,one_to_all,True,False,True,4,0,411.0,2.491484184914842
512,4,wormhole_b0,riscv_0,241664,L1,multicast_linked,one_to_all,True,False,True,4,0,426.0,4.807511737089202
1024,4,wormhole_b0,riscv_0,242688,L1,multicast_linked,one_to_all,True,False,True,4,0,491.0,8.342158859470468
2048,4,wormhole_b0,riscv_0,243712,L1,multicast_linked,one_to_all,True,False,True,4,0,674.0,12.154302670623146
4096,4,wormhole_b0,riscv_0,244736,L1,multicast_linked,one_to_all,True,False,True,4,0,938.0,17.466950959488273
8192,4,wormhole_b0,riscv_0,245760,L1,multicast_linked,one_to_all,True,False,True,4,0,1503.0,21.80172987358616
16384,4,wormhole_b0,riscv_0,246784,L1,multicast_linked,one_to_all,True,False,True,4,0,2621.0,25.004196871423122
32768,4,wormhole_b0,riscv_0,247808,L1,multicast_linked,one_to_all,True,False,True,4,0,4859.0,26.97509775674007
65536,4,wormhole_b0,riscv_0,248832,L1,multicast_linked,one_to_all,True,False,True,4,0,9328.0,28.102915951972555
32,16,wormhole_b0,riscv_0,249856,L1,multicast_linked,one_to_all,True,False,True,4,0,660.0,0.7757575757575758
64,16,wormhole_b0,riscv_0,250880,L1,multicast_linked,one_to_all,True,False,True,4,0,660.0,1.5515151515151515
128,16,wormhole_b0,riscv_0,251904,L1,multicast_linked,one_to_all,True,False,True,4,0,673.0,3.0430906389301633
256,16,wormhole_b0,riscv_0,252928,L1,multicast_linked,one_to_all,True,False,True,4,0,673.0,6.086181277860327
512,16,wormhole_b0,riscv_0,253952,L1,multicast_linked,one_to_all,True,False,True,4,0,697.0,11.7532281205165
1024,16,wormhole_b0,riscv_0,254976,L1,multicast_linked,one_to_all,True,False,True,4,0,982.0,16.684317718940935
2048,16,wormhole_b0,riscv_0,256000,L1,multicast_linked,one_to_all,True,False,True,4,0,1533.0,21.3750815394651
4096,16,wormhole_b0,riscv_0,257024,L1,multicast_linked,one_to_all,True,False,True,4,0,2608.0,25.12883435582822
8192,16,wormhole_b0,riscv_0,258048,L1,multicast_linked,one_to_all,True,False,True,4,0,4752.0,27.58249158249158
16384,16,wormhole_b0,riscv_0,259072,L1,multicast_linked,one_to_all,True,False,True,4,0,9142.0,28.67468825202363
32768,16,wormhole_b0,riscv_0,260096,L1,multicast_linked,one_to_all,True,False,True,4,0,17829.0,29.40647260081889
65536,16,wormhole_b0,riscv_0,261120,L1,multicast_linked,one_to_all,True,False,True,4,0,35182.0,29.80433176055938
32,64,wormhole_b0,riscv_0,262144,L1,multicast_linked,one_to_all,True,False,True,4,0,1722.0,1.18931475029036
64,64,wormhole_b0,riscv_0,263168,L1,multicast_linked,one_to_all,True,False,True,4,0,1719.0,2.382780686445608
128,64,wormhole_b0,riscv_0,264192,L1,multicast_linked,one_to_all,True,False,True,4,0,1724.0,4.751740139211137
256,64,wormhole_b0,riscv_0,265216,L1,multicast_linked,one_to_all,True,False,True,4,0,1728.0,9.481481481481481
512,64,wormhole_b0,riscv_0,266240,L1,multicast_linked,one_to_all,True,False,True,4,0,1748.0,18.74599542334096
1024,64,wormhole_b0,riscv_0,267264,L1,multicast_linked,one_to_all,True,False,True,4,0,2757.0,23.77076532462822
2048,64,wormhole_b0,riscv_0,268288,L1,multicast_linked,one_to_all,True,False,True,4,0,4890.0,26.804089979550103
4096,64,wormhole_b0,riscv_0,269312,L1,multicast_linked,one_to_all,True,False,True,4,0,9134.0,28.699802934092403
8192,64,wormhole_b0,riscv_0,270336,L1,multicast_linked,one_to_all,True,False,True,4,0,17733.0,29.5656685276039
16384,64,wormhole_b0,riscv_0,271360,L1,multicast_linked,one_to_all,True,False,True,4,0,34991.0,29.967020090880514
32768,64,wormhole_b0,riscv_0,272384,L1,multicast_linked,one_to_all,True,False,True,4,0,69783.0,30.052476964303626
65536,64,wormhole_b0,riscv_0,273408,L1,multicast_linked,one_to_all,True,False,True,4,0,139106.0,30.15185541960807
32,256,wormhole_b0,riscv_0,274432,L1,multicast_linked,one_to_all,True,False,True,4,0,6956.0,1.1776883266244969
64,256,wormhole_b0,riscv_0,275456,L1,multicast_linked,one_to_all,True,False,True,4,0,5944.0,2.756393001345895
128,256,wormhole_b0,riscv_0,276480,L1,multicast_linked,one_to_all,True,False,True,4,0,5949.0,5.5081526306942346
256,256,wormhole_b0,riscv_0,277504,L1,multicast_linked,one_to_all,True,False,True,4,0,5953.0,11.008903074080296
512,256,wormhole_b0,riscv_0,278528,L1,multicast_linked,one_to_all,True,False,True,4,0,5970.0,21.955108877721944
1024,256,wormhole_b0,riscv_0,279552,L1,multicast_linked,one_to_all,True,False,True,4,0,9869.0,26.56236700780221
2048,256,wormhole_b0,riscv_0,280576,L1,multicast_linked,one_to_all,True,False,True,4,0,18213.0,28.786471201888762
4096,256,wormhole_b0,riscv_0,281600,L1,multicast_linked,one_to_all,True,False,True,4,0,35206.0,29.78401408850764
8192,256,wormhole_b0,riscv_0,282624,L1,multicast_linked,one_to_all,True,False,True,4,0,69545.0,30.155323891005825
16384,256,wormhole_b0,riscv_0,283648,L1,multicast_linked,one_to_all,True,False,True,4,0,138495.0,30.284876710350556
32768,256,wormhole_b0,riscv_0,284672,L1,multicast_linked,one_to_all,True,False,True,4,0,276928.0,30.29165703720823
65536,256,wormhole_b0,riscv_0,285696,L1,multicast_linked,one_to_all,True,False,True,4,0,553037.0,30.336516363281298
32,1,wormhole_b0,riscv_0,450560,L1,multicast,one_to_all,True,False,True,9,0,359.0,0.08913649025069638
64,1,wormhole_b0,riscv_0,451584,L1,multicast,one_to_all,True,False,True,9,0,358.0,0.1787709497206704
128,1,wormhole_b0,riscv_0,452608,L1,multicast,one_to_all,True,False,True,9,0,366.0,0.34972677595628415
256,1,wormhole_b0,riscv_0,453632,L1,multicast,one_to_all,True,False,True,9,0,368.0,0.6956521739130435
512,1,wormhole_b0,riscv_0,454656,L1,multicast,one_to_all,True,False,True,9,0,374.0,1.3689839572192513
1024,1,wormhole_b0,riscv_0,455680,L1,multicast,one_to_all,True,False,True,9,0,402.0,2.5472636815920398
2048,1,wormhole_b0,riscv_0,456704,L1,multicast,one_to_all,True,False,True,9,0,441.0,4.6439909297052155
4096,1,wormhole_b0,riscv_0,457728,L1,multicast,one_to_all,True,False,True,9,0,529.0,7.742911153119093
8192,1,wormhole_b0,riscv_0,458752,L1,multicast,one_to_all,True,False,True,9,0,704.0,11.636363636363637
16384,1,wormhole_b0,riscv_0,459776,L1,multicast,one_to_all,True,False,True,9,0,1052.0,15.574144486692015
32768,1,wormhole_b0,riscv_0,460800,L1,multicast,one_to_all,True,False,True,9,0,1747.0,18.756725815684028
65536,1,wormhole_b0,riscv_0,461824,L1,multicast,one_to_all,True,False,True,9,0,3131.0,20.931331842861706
32,4,wormhole_b0,riscv_0,462848,L1,multicast,one_to_all,True,False,True,9,0,571.0,0.22416812609457093
64,4,wormhole_b0,riscv_0,463872,L1,multicast,one_to_all,True,False,True,9,0,577.0,0.4436741767764298
128,4,wormhole_b0,riscv_0,464896,L1,multicast,one_to_all,True,False,True,9,0,578.0,0.8858131487889274
256,4,wormhole_b0,riscv_0,465920,L1,multicast,one_to_all,True,False,True,9,0,593.0,1.72681281618887
512,4,wormhole_b0,riscv_0,466944,L1,multicast,one_to_all,True,False,True,9,0,648.0,3.1604938271604937
1024,4,wormhole_b0,riscv_0,467968,L1,multicast,one_to_all,True,False,True,9,0,730.0,5.610958904109589
2048,4,wormhole_b0,riscv_0,468992,L1,multicast,one_to_all,True,False,True,9,0,876.0,9.351598173515981
4096,4,wormhole_b0,riscv_0,470016,L1,multicast,one_to_all,True,False,True,9,0,1185.0,13.826160337552743
8192,4,wormhole_b0,riscv_0,471040,L1,multicast,one_to_all,True,False,True,9,0,1754.0,18.68187001140251
16384,4,wormhole_b0,riscv_0,472064,L1,multicast,one_to_all,True,False,True,9,0,3176.0,20.634760705289672
32768,4,wormhole_b0,riscv_0,473088,L1,multicast,one_to_all,True,False,True,9,0,5866.0,22.34435731333106
65536,4,wormhole_b0,riscv_0,474112,L1,multicast,one_to_all,True,False,True,9,0,11361.0,23.07402517384033
32,16,wormhole_b0,riscv_0,475136,L1,multicast,one_to_all,True,False,True,9,0,1425.0,0.35929824561403506
64,16,wormhole_b0,riscv_0,476160,L1,multicast,one_to_all,True,False,True,9,0,1442.0,0.710124826629681
128,16,wormhole_b0,riscv_0,477184,L1,multicast,one_to_all,True,False,True,9,0,1471.0,1.3922501699524132
256,16,wormhole_b0,riscv_0,478208,L1,multicast,one_to_all,True,False,True,9,0,1537.0,2.664931685100846
512,16,wormhole_b0,riscv_0,479232,L1,multicast,one_to_all,True,False,True,9,0,1672.0,4.899521531100478
1024,16,wormhole_b0,riscv_0,480256,L1,multicast,one_to_all,True,False,True,9,0,1995.0,8.212531328320802
2048,16,wormhole_b0,riscv_0,481280,L1,multicast,one_to_all,True,False,True,9,0,2588.0,12.661514683153014
4096,16,wormhole_b0,riscv_0,482304,L1,multicast,one_to_all,True,False,True,9,0,3660.0,17.90601092896175
8192,16,wormhole_b0,riscv_0,483328,L1,multicast,one_to_all,True,False,True,9,0,5889.0,22.25708948887757
16384,16,wormhole_b0,riscv_0,484352,L1,multicast,one_to_all,True,False,True,9,0,11385.0,23.025384277558192
32768,16,wormhole_b0,riscv_0,485376,L1,multicast,one_to_all,True,False,True,9,0,22341.0,23.467526073139073
65536,16,wormhole_b0,riscv_0,486400,L1,multicast,one_to_all,True,False,True,9,0,44245.0,23.699310656571363
32,64,wormhole_b0,riscv_0,487424,L1,multicast,one_to_all,True,False,True,9,0,4825.0,0.4244559585492228
64,64,wormhole_b0,riscv_0,488448,L1,multicast,one_to_all,True,False,True,9,0,4897.0,0.8364304676332448
128,64,wormhole_b0,riscv_0,489472,L1,multicast,one_to_all,True,False,True,9,0,5024.0,1.6305732484076434
256,64,wormhole_b0,riscv_0,490496,L1,multicast,one_to_all,True,False,True,9,0,5281.0,3.102442719181973
512,64,wormhole_b0,riscv_0,491520,L1,multicast,one_to_all,True,False,True,9,0,5816.0,5.6341127922971115
1024,64,wormhole_b0,riscv_0,492544,L1,multicast,one_to_all,True,False,True,9,0,8168.0,8.023506366307542
2048,64,wormhole_b0,riscv_0,493568,L1,multicast,one_to_all,True,False,True,9,0,9366.0,13.994448003416613
4096,64,wormhole_b0,riscv_0,494592,L1,multicast,one_to_all,True,False,True,9,0,13513.0,19.399393176940723
8192,64,wormhole_b0,riscv_0,495616,L1,multicast,one_to_all,True,False,True,9,0,22409.0,23.39631398098978
16384,64,wormhole_b0,riscv_0,496640,L1,multicast,one_to_all,True,False,True,9,0,44185.0,23.73149258798235
32768,64,wormhole_b0,riscv_0,497664,L1,multicast,one_to_all,True,False,True,9,0,88163.0,23.787212322629674
65536,64,wormhole_b0,riscv_0,498688,L1,multicast,one_to_all,True,False,True,9,0,175728.0,23.86815988345625
32,256,wormhole_b0,riscv_0,499712,L1,multicast,one_to_all,True,False,True,9,0,18467.0,0.4436021010451075
64,256,wormhole_b0,riscv_0,500736,L1,multicast,one_to_all,True,False,True,9,0,18716.0,0.8754007266509938
128,256,wormhole_b0,riscv_0,501760,L1,multicast,one_to_all,True,False,True,9,0,19235.0,1.7035612165323628
256,256,wormhole_b0,riscv_0,502784,L1,multicast,one_to_all,True,False,True,9,0,20251.0,3.2361858673645747
512,256,wormhole_b0,riscv_0,503808,L1,multicast,one_to_all,True,False,True,9,0,22408.0,5.849339521599429
1024,256,wormhole_b0,riscv_0,504832,L1,multicast,one_to_all,True,False,True,9,0,30056.0,8.721852541921747
2048,256,wormhole_b0,riscv_0,505856,L1,multicast,one_to_all,True,False,True,9,0,36533.0,14.35107984561903
4096,256,wormhole_b0,riscv_0,506880,L1,multicast,one_to_all,True,False,True,9,0,53003.0,19.783333018885724
8192,256,wormhole_b0,riscv_0,507904,L1,multicast,one_to_all,True,False,True,9,0,88177.0,23.783435589779646
16384,256,wormhole_b0,riscv_0,508928,L1,multicast,one_to_all,True,False,True,9,0,175905.0,23.844143145447827
32768,256,wormhole_b0,riscv_0,509952,L1,multicast,one_to_all,True,False,True,9,0,351806.0,23.84441425103608
65536,256,wormhole_b0,riscv_0,510976,L1,multicast,one_to_all,True,False,True,9,0,701823.0,23.905195469512968
32,1,wormhole_b0,riscv_0,573440,L1,multicast_linked,one_to_all,True,False,True,9,0,360.0,0.08888888888888889
64,1,wormhole_b0,riscv_0,574464,L1,multicast_linked,one_to_all,True,False,True,9,0,360.0,0.17777777777777778
128,1,wormhole_b0,riscv_0,575488,L1,multicast_linked,one_to_all,True,False,True,9,0,366.0,0.34972677595628415
256,1,wormhole_b0,riscv_0,576512,L1,multicast_linked,one_to_all,True,False,True,9,0,367.0,0.6975476839237057
512,1,wormhole_b0,riscv_0,577536,L1,multicast_linked,one_to_all,True,False,True,9,0,377.0,1.3580901856763925
1024,1,wormhole_b0,riscv_0,578560,L1,multicast_linked,one_to_all,True,False,True,9,0,400.0,2.56
2048,1,wormhole_b0,riscv_0,579584,L1,multicast_linked,one_to_all,True,False,True,9,0,440.0,4.654545454545454
4096,1,wormhole_b0,riscv_0,580608,L1,multicast_linked,one_to_all,True,False,True,9,0,529.0,7.742911153119093
8192,1,wormhole_b0,riscv_0,581632,L1,multicast_linked,one_to_all,True,False,True,9,0,703.0,11.652916073968706
16384,1,wormhole_b0,riscv_0,582656,L1,multicast_linked,one_to_all,True,False,True,9,0,1047.0,15.648519579751671
32768,1,wormhole_b0,riscv_0,583680,L1,multicast_linked,one_to_all,True,False,True,9,0,1755.0,18.67122507122507
65536,1,wormhole_b0,riscv_0,584704,L1,multicast_linked,one_to_all,True,False,True,9,0,3131.0,20.931331842861706
32,4,wormhole_b0,riscv_0,585728,L1,multicast_linked,one_to_all,True,False,True,9,0,428.0,0.29906542056074764
64,4,wormhole_b0,riscv_0,586752,L1,multicast_linked,one_to_all,True,False,True,9,0,434.0,0.5898617511520737
128,4,wormhole_b0,riscv_0,587776,L1,multicast_linked,one_to_all,True,False,True,9,0,440.0,1.1636363636363636
256,4,wormhole_b0,riscv_0,588800,L1,multicast_linked,one_to_all,True,False,True,9,0,441.0,2.3219954648526078
512,4,wormhole_b0,riscv_0,589824,L1,multicast_linked,one_to_all,True,False,True,9,0,458.0,4.471615720524017
1024,4,wormhole_b0,riscv_0,590848,L1,multicast_linked,one_to_all,True,False,True,9,0,525.0,7.801904761904762
2048,4,wormhole_b0,riscv_0,591872,L1,multicast_linked,one_to_all,True,False,True,9,0,716.0,11.441340782122905
4096,4,wormhole_b0,riscv_0,592896,L1,multicast_linked,one_to_all,True,False,True,9,0,979.0,16.73544433094995
8192,4,wormhole_b0,riscv_0,593920,L1,multicast_linked,one_to_all,True,False,True,9,0,1564.0,20.95140664961637
16384,4,wormhole_b0,riscv_0,594944,L1,multicast_linked,one_to_all,True,False,True,9,0,2741.0,23.90952207223641
32768,4,wormhole_b0,riscv_0,595968,L1,multicast_linked,one_to_all,True,False,True,9,0,5077.0,25.816820957258223
65536,4,wormhole_b0,riscv_0,596992,L1,multicast_linked,one_to_all,True,False,True,9,0,9718.0,26.97509775674007
32,16,wormhole_b0,riscv_0,598016,L1,multicast_linked,one_to_all,True,False,True,9,0,699.0,0.7324749642346209
64,16,wormhole_b0,riscv_0,599040,L1,multicast_linked,one_to_all,True,False,True,9,0,737.0,1.389416553595658
128,16,wormhole_b0,riscv_0,600064,L1,multicast_linked,one_to_all,True,False,True,9,0,708.0,2.8926553672316384
256,16,wormhole_b0,riscv_0,601088,L1,multicast_linked,one_to_all,True,False,True,9,0,716.0,5.720670391061453
512,16,wormhole_b0,riscv_0,602112,L1,multicast_linked,one_to_all,True,False,True,9,0,742.0,11.040431266846362
1024,16,wormhole_b0,riscv_0,603136,L1,multicast_linked,one_to_all,True,False,True,9,0,1040.0,15.753846153846155
2048,16,wormhole_b0,riscv_0,604160,L1,multicast_linked,one_to_all,True,False,True,9,0,1613.0,20.314941103533787
4096,16,wormhole_b0,riscv_0,605184,L1,multicast_linked,one_to_all,True,False,True,9,0,2701.0,24.26360607182525
8192,16,wormhole_b0,riscv_0,606208,L1,multicast_linked,one_to_all,True,False,True,9,0,4868.0,26.925225965488906
16384,16,wormhole_b0,riscv_0,607232,L1,multicast_linked,one_to_all,True,False,True,9,0,9345.0,28.0517924023542
32768,16,wormhole_b0,riscv_0,608256,L1,multicast_linked,one_to_all,True,False,True,9,0,18304.0,28.643356643356643
65536,16,wormhole_b0,riscv_0,609280,L1,multicast_linked,one_to_all,True,False,True,9,0,36154.0,29.00304254024451
32,64,wormhole_b0,riscv_0,610304,L1,multicast_linked,one_to_all,True,False,True,9,0,1760.0,1.1636363636363636
64,64,wormhole_b0,riscv_0,611328,L1,multicast_linked,one_to_all,True,False,True,9,0,1760.0,2.327272727272727
128,64,wormhole_b0,riscv_0,612352,L1,multicast_linked,one_to_all,True,False,True,9,0,1762.0,4.649262202043133
256,64,wormhole_b0,riscv_0,613376,L1,multicast_linked,one_to_all,True,False,True,9,0,2003.0,8.17973040439341
512,64,wormhole_b0,riscv_0,614400,L1,multicast_linked,one_to_all,True,False,True,9,0,1992.0,16.449799196787147
1024,64,wormhole_b0,riscv_0,615424,L1,multicast_linked,one_to_all,True,False,True,9,0,3062.0,21.40300457217505
2048,64,wormhole_b0,riscv_0,616448,L1,multicast_linked,one_to_all,True,False,True,9,0,5188.0,25.264456437933692
4096,64,wormhole_b0,riscv_0,617472,L1,multicast_linked,one_to_all,True,False,True,9,0,9480.0,27.652320675105486
8192,64,wormhole_b0,riscv_0,618496,L1,multicast_linked,one_to_all,True,False,True,9,0,18036.0,29.068973164781546
16384,64,wormhole_b0,riscv_0,619520,L1,multicast_linked,one_to_all,True,False,True,9,0,35703.0,29.369408733159677
32768,64,wormhole_b0,riscv_0,620544,L1,multicast_linked,one_to_all,True,False,True,9,0,71170.0,29.466797808065195
65536,64,wormhole_b0,riscv_0,621568,L1,multicast_linked,one_to_all,True,False,True,9,0,141617.0,29.61723521893558
32,256,wormhole_b0,riscv_0,622592,L1,multicast_linked,one_to_all,True,False,True,9,0,5978.0,1.3703579792572766
64,256,wormhole_b0,riscv_0,623616,L1,multicast_linked,one_to_all,True,False,True,9,0,5978.0,2.7407159585145533
128,256,wormhole_b0,riscv_0,624640,L1,multicast_linked,one_to_all,True,False,True,9,0,5984.0,5.475935828877005
256,256,wormhole_b0,riscv_0,625664,L1,multicast_linked,one_to_all,True,False,True,9,0,5981.0,10.957364989132252
512,256,wormhole_b0,riscv_0,626688,L1,multicast_linked,one_to_all,True,False,True,9,0,6977.0,18.786297835746023
1024,256,wormhole_b0,riscv_0,627712,L1,multicast_linked,one_to_all,True,False,True,9,0,11149.0,23.512781415373578
2048,256,wormhole_b0,riscv_0,628736,L1,multicast_linked,one_to_all,True,False,True,9,0,19556.0,26.80957250971569
4096,256,wormhole_b0,riscv_0,629760,L1,multicast_linked,one_to_all,True,False,True,9,0,36518.0,28.71394928528397
8192,256,wormhole_b0,riscv_0,630784,L1,multicast_linked,one_to_all,True,False,True,9,0,70902.0,29.57817833065358
16384,256,wormhole_b0,riscv_0,631808,L1,multicast_linked,one_to_all,True,False,True,9,0,141259.0,29.692295712131617
32768,256,wormhole_b0,riscv_0,632832,L1,multicast_linked,one_to_all,True,False,True,9,0,282727.0,29.670346305800294
65536,256,wormhole_b0,riscv_0,633856,L1,multicast_linked,one_to_all,True,False,True,9,0,563400.0,29.77851615193468
32,1,wormhole_b0,riscv_0,798720,L1,multicast,one_to_all,True,False,True,25,0,474.0,0.06751054852320675
64,1,wormhole_b0,riscv_0,799744,L1,multicast,one_to_all,True,False,True,25,0,477.0,0.13417190775681342
128,1,wormhole_b0,riscv_0,800768,L1,multicast,one_to_all,True,False,True,25,0,470.0,0.2723404255319149
256,1,wormhole_b0,riscv_0,801792,L1,multicast,one_to_all,True,False,True,25,0,480.0,0.5333333333333333
512,1,wormhole_b0,riscv_0,802816,L1,multicast,one_to_all,True,False,True,25,0,486.0,1.0534979423868314
1024,1,wormhole_b0,riscv_0,803840,L1,multicast,one_to_all,True,False,True,25,0,512.0,2.0
2048,1,wormhole_b0,riscv_0,804864,L1,multicast,one_to_all,True,False,True,25,0,562.0,3.6441281138790034
4096,1,wormhole_b0,riscv_0,805888,L1,multicast,one_to_all,True,False,True,25,0,638.0,6.420062695924765
8192,1,wormhole_b0,riscv_0,806912,L1,multicast,one_to_all,True,False,True,25,0,809.0,10.126081582200246
16384,1,wormhole_b0,riscv_0,807936,L1,multicast,one_to_all,True,False,True,25,0,1461.0,11.214236824093087
32768,1,wormhole_b0,riscv_0,808960,L1,multicast,one_to_all,True,False,True,25,0,2219.0,14.767012167643083
65536,1,wormhole_b0,riscv_0,809984,L1,multicast,one_to_all,True,False,True,25,0,4273.0,15.337233793587643
32,4,wormhole_b0,riscv_0,811008,L1,multicast,one_to_all,True,False,True,25,0,1009.0,0.12685827552031714
64,4,wormhole_b0,riscv_0,812032,L1,multicast,one_to_all,True,False,True,25,0,1016.0,0.25196850393700787
128,4,wormhole_b0,riscv_0,813056,L1,multicast,one_to_all,True,False,True,25,0,1024.0,0.5
256,4,wormhole_b0,riscv_0,814080,L1,multicast,one_to_all,True,False,True,25,0,1041.0,0.983669548511047
512,4,wormhole_b0,riscv_0,815104,L1,multicast,one_to_all,True,False,True,25,0,1075.0,1.9051162790697675
1024,4,wormhole_b0,riscv_0,816128,L1,multicast,one_to_all,True,False,True,25,0,1160.0,3.5310344827586206
2048,4,wormhole_b0,riscv_0,817152,L1,multicast,one_to_all,True,False,True,25,0,1341.0,6.108873974645786
4096,4,wormhole_b0,riscv_0,818176,L1,multicast,one_to_all,True,False,True,25,0,1642.0,9.978075517661388
8192,4,wormhole_b0,riscv_0,819200,L1,multicast,one_to_all,True,False,True,25,0,2208.0,14.840579710144928
16384,4,wormhole_b0,riscv_0,820224,L1,multicast,one_to_all,True,False,True,25,0,4071.0,16.098255956767378
32768,4,wormhole_b0,riscv_0,821248,L1,multicast,one_to_all,True,False,True,25,0,7794.0,16.817038747754683
65536,4,wormhole_b0,riscv_0,822272,L1,multicast,one_to_all,True,False,True,25,0,15203.0,17.24291258304282
32,16,wormhole_b0,riscv_0,823296,L1,multicast,one_to_all,True,False,True,25,0,3185.0,0.16075353218210361
64,16,wormhole_b0,riscv_0,824320,L1,multicast,one_to_all,True,False,True,25,0,3200.0,0.32
128,16,wormhole_b0,riscv_0,825344,L1,multicast,one_to_all,True,False,True,25,0,3232.0,0.6336633663366337
256,16,wormhole_b0,riscv_0,826368,L1,multicast,one_to_all,True,False,True,25,0,3296.0,1.2427184466019416
512,16,wormhole_b0,riscv_0,827392,L1,multicast,one_to_all,True,False,True,25,0,3434.0,2.3855562026790915
1024,16,wormhole_b0,riscv_0,828416,L1,multicast,one_to_all,True,False,True,25,0,3760.0,4.357446808510638
2048,16,wormhole_b0,riscv_0,829440,L1,multicast,one_to_all,True,False,True,25,0,4484.0,7.307760927743087
4096,16,wormhole_b0,riscv_0,830464,L1,multicast,one_to_all,True,False,True,25,0,5600.0,11.702857142857143
8192,16,wormhole_b0,riscv_0,831488,L1,multicast,one_to_all,True,False,True,25,0,7929.0,16.530710051708915
16384,16,wormhole_b0,riscv_0,832512,L1,multicast,one_to_all,True,False,True,25,0,15210.0,17.234976988823142
32768,16,wormhole_b0,riscv_0,833536,L1,multicast,one_to_all,True,False,True,25,0,30077.0,17.431525750573527
65536,16,wormhole_b0,riscv_0,834560,L1,multicast,one_to_all,True,False,True,25,0,59787.0,17.538528442638032
32,64,wormhole_b0,riscv_0,835584,L1,multicast,one_to_all,True,False,True,25,0,11872.0,0.1725067385444744
64,64,wormhole_b0,riscv_0,836608,L1,multicast,one_to_all,True,False,True,25,0,11942.0,0.3429911237648635
128,64,wormhole_b0,riscv_0,837632,L1,multicast,one_to_all,True,False,True,25,0,12058.0,0.6793829822524465
256,64,wormhole_b0,riscv_0,838656,L1,multicast,one_to_all,True,False,True,25,0,12320.0,1.3298701298701299
512,64,wormhole_b0,riscv_0,839680,L1,multicast,one_to_all,True,False,True,25,0,12849.0,2.550237372558176
1024,64,wormhole_b0,riscv_0,840704,L1,multicast,one_to_all,True,False,True,25,0,14016.0,4.675799086757991
2048,64,wormhole_b0,riscv_0,841728,L1,multicast,one_to_all,True,False,True,25,0,17021.0,7.700605134833441
4096,64,wormhole_b0,riscv_0,842752,L1,multicast,one_to_all,True,False,True,25,0,21408.0,12.245142002989537
8192,64,wormhole_b0,riscv_0,843776,L1,multicast,one_to_all,True,False,True,25,0,30073.0,17.43384431217371
16384,64,wormhole_b0,riscv_0,844800,L1,multicast,one_to_all,True,False,True,25,0,59761.0,17.546158866150165
32768,64,wormhole_b0,riscv_0,845824,L1,multicast,one_to_all,True,False,True,25,0,119478.0,17.552620566129328
65536,64,wormhole_b0,riscv_0,846848,L1,multicast,one_to_all,True,False,True,25,0,237800.0,17.637947855340624
32,256,wormhole_b0,riscv_0,847872,L1,multicast,one_to_all,True,False,True,25,0,46624.0,0.1757035003431709
64,256,wormhole_b0,riscv_0,848896,L1,multicast,one_to_all,True,False,True,25,0,46875.0,0.34952533333333335
128,256,wormhole_b0,riscv_0,849920,L1,multicast,one_to_all,True,False,True,25,0,47388.0,0.6914830758841901
256,256,wormhole_b0,riscv_0,850944,L1,multicast,one_to_all,True,False,True,25,0,48426.0,1.3533225953000454
512,256,wormhole_b0,riscv_0,851968,L1,multicast,one_to_all,True,False,True,25,0,50515.0,2.5947144412550727
1024,256,wormhole_b0,riscv_0,852992,L1,multicast,one_to_all,True,False,True,25,0,55192.0,4.749673865777649
2048,256,wormhole_b0,riscv_0,854016,L1,multicast,one_to_all,True,False,True,25,0,67096.0,7.81399785382139
4096,256,wormhole_b0,riscv_0,855040,L1,multicast,one_to_all,True,False,True,25,0,84536.0,12.403898930633103
8192,256,wormhole_b0,riscv_0,856064,L1,multicast,one_to_all,True,False,True,25,0,119480.0,17.552326749246735
16384,256,wormhole_b0,riscv_0,857088,L1,multicast,one_to_all,True,False,True,25,0,237712.0,17.644477350743756
32768,256,wormhole_b0,riscv_0,858112,L1,multicast,one_to_all,True,False,True,25,0,475623.0,17.63709492602334
65536,256,wormhole_b0,riscv_0,859136,L1,multicast,one_to_all,True,False,True,25,0,950178.0,17.656919019383736
32,1,wormhole_b0,riscv_0,921600,L1,multicast_linked,one_to_all,True,False,True,25,0,470.0,0.06808510638297872
64,1,wormhole_b0,riscv_0,922624,L1,multicast_linked,one_to_all,True,False,True,25,0,473.0,0.13530655391120508
128,1,wormhole_b0,riscv_0,923648,L1,multicast_linked,one_to_all,True,False,True,25,0,474.0,0.270042194092827
256,1,wormhole_b0,riscv_0,924672,L1,multicast_linked,one_to_all,True,False,True,25,0,479.0,0.534446764091858
512,1,wormhole_b0,riscv_0,925696,L1,multicast_linked,one_to_all,True,False,True,25,0,491.0,1.0427698574338085
1024,1,wormhole_b0,riscv_0,926720,L1,multicast_linked,one_to_all,True,False,True,25,0,511.0,2.003913894324853
2048,1,wormhole_b0,riscv_0,927744,L1,multicast_linked,one_to_all,True,False,True,25,0,564.0,3.631205673758865
4096,1,wormhole_b0,riscv_0,928768,L1,multicast_linked,one_to_all,True,False,True,25,0,640.0,6.4
8192,1,wormhole_b0,riscv_0,929792,L1,multicast_linked,one_to_all,True,False,True,25,0,807.0,10.151177199504337
16384,1,wormhole_b0,riscv_0,930816,L1,multicast_linked,one_to_all,True,False,True,25,0,1292.0,12.681114551083592
32768,1,wormhole_b0,riscv_0,931840,L1,multicast_linked,one_to_all,True,False,True,25,0,2226.0,14.720575022461816
65536,1,wormhole_b0,riscv_0,932864,L1,multicast_linked,one_to_all,True,False,True,25,0,4074.0,16.086401570937653
32,4,wormhole_b0,riscv_0,933888,L1,multicast_linked,one_to_all,True,False,True,25,0,545.0,0.23486238532110093
64,4,wormhole_b0,riscv_0,934912,L1,multicast_linked,one_to_all,True,False,True,25,0,541.0,0.4731977818853974
128,4,wormhole_b0,riscv_0,935936,L1,multicast_linked,one_to_all,True,False,True,25,0,548.0,0.9343065693430657
256,4,wormhole_b0,riscv_0,936960,L1,multicast_linked,one_to_all,True,False,True,25,0,557.0,1.8384201077199283
512,4,wormhole_b0,riscv_0,937984,L1,multicast_linked,one_to_all,True,False,True,25,0,564.0,3.631205673758865
1024,4,wormhole_b0,riscv_0,939008,L1,multicast_linked,one_to_all,True,False,True,25,0,645.0,6.350387596899225
2048,4,wormhole_b0,riscv_0,940032,L1,multicast_linked,one_to_all,True,False,True,25,0,819.0,10.002442002442002
4096,4,wormhole_b0,riscv_0,941056,L1,multicast_linked,one_to_all,True,False,True,25,0,1127.0,14.537710736468501
8192,4,wormhole_b0,riscv_0,942080,L1,multicast_linked,one_to_all,True,False,True,25,0,1710.0,19.162573099415205
16384,4,wormhole_b0,riscv_0,943104,L1,multicast_linked,one_to_all,True,False,True,25,0,3070.0,21.347231270358307
32768,4,wormhole_b0,riscv_0,944128,L1,multicast_linked,one_to_all,True,False,True,25,0,5764.0,22.73976405274115
65536,4,wormhole_b0,riscv_0,945152,L1,multicast_linked,one_to_all,True,False,True,25,0,11133.0,23.546573250696127
32,16,wormhole_b0,riscv_0,946176,L1,multicast_linked,one_to_all,True,False,True,25,0,816.0,0.6274509803921569
64,16,wormhole_b0,riscv_0,947200,L1,multicast_linked,one_to_all,True,False,True,25,0,825.0,1.2412121212121212
128,16,wormhole_b0,riscv_0,948224,L1,multicast_linked,one_to_all,True,False,True,25,0,834.0,2.4556354916067145
256,16,wormhole_b0,riscv_0,949248,L1,multicast_linked,one_to_all,True,False,True,25,0,865.0,4.735260115606937
512,16,wormhole_b0,riscv_0,950272,L1,multicast_linked,one_to_all,True,False,True,25,0,972.0,8.427983539094651
1024,16,wormhole_b0,riscv_0,951296,L1,multicast_linked,one_to_all,True,False,True,25,0,1349.0,12.14529280948851
2048,16,wormhole_b0,riscv_0,952320,L1,multicast_linked,one_to_all,True,False,True,25,0,1911.0,17.14704343275772
4096,16,wormhole_b0,riscv_0,953344,L1,multicast_linked,one_to_all,True,False,True,25,0,3061.0,21.40999673309376
8192,16,wormhole_b0,riscv_0,954368,L1,multicast_linked,one_to_all,True,False,True,25,0,5251.0,24.961340697010094
16384,16,wormhole_b0,riscv_0,955392,L1,multicast_linked,one_to_all,True,False,True,25,0,10127.0,25.885652216846054
32768,16,wormhole_b0,riscv_0,956416,L1,multicast_linked,one_to_all,True,False,True,25,0,19857.0,26.40318275671048
65536,16,wormhole_b0,riscv_0,957440,L1,multicast_linked,one_to_all,True,False,True,25,0,39298.0,26.682681052470862
32,64,wormhole_b0,riscv_0,958464,L1,multicast_linked,one_to_all,True,False,True,25,0,2112.0,0.9696969696969697
64,64,wormhole_b0,riscv_0,959488,L1,multicast_linked,one_to_all,True,False,True,25,0,2186.0,1.8737419945105216
128,64,wormhole_b0,riscv_0,960512,L1,multicast_linked,one_to_all,True,False,True,25,0,2274.0,3.602462620932278
256,64,wormhole_b0,riscv_0,961536,L1,multicast_linked,one_to_all,True,False,True,25,0,2502.0,6.548361310951239
512,64,wormhole_b0,riscv_0,962560,L1,multicast_linked,one_to_all,True,False,True,25,0,2952.0,11.100271002710027
1024,64,wormhole_b0,riscv_0,963584,L1,multicast_linked,one_to_all,True,False,True,25,0,4120.0,15.906796116504854
2048,64,wormhole_b0,riscv_0,964608,L1,multicast_linked,one_to_all,True,False,True,25,0,6242.0,20.9983979493752
4096,64,wormhole_b0,riscv_0,965632,L1,multicast_linked,one_to_all,True,False,True,25,0,10694.0,24.513184963530954
8192,64,wormhole_b0,riscv_0,966656,L1,multicast_linked,one_to_all,True,False,True,25,0,19347.0,27.099188504677727
16384,64,wormhole_b0,riscv_0,967680,L1,multicast_linked,one_to_all,True,False,True,25,0,38321.0,27.36296025677827
32768,64,wormhole_b0,riscv_0,968704,L1,multicast_linked,one_to_all,True,False,True,25,0,76380.0,27.45682115737104
65536,64,wormhole_b0,riscv_0,969728,L1,multicast_linked,one_to_all,True,False,True,25,0,152065.0,27.582310196297637
32,256,wormhole_b0,riscv_0,970752,L1,multicast_linked,one_to_all,True,False,True,25,0,7317.0,1.119584529178625
64,256,wormhole_b0,riscv_0,971776,L1,multicast_linked,one_to_all,True,False,True,25,0,7601.0,2.15550585449283
128,256,wormhole_b0,riscv_0,972800,L1,multicast_linked,one_to_all,True,False,True,25,0,8056.0,4.067527308838133
256,256,wormhole_b0,riscv_0,973824,L1,multicast_linked,one_to_all,True,False,True,25,0,9039.0,7.250359553047904
512,256,wormhole_b0,riscv_0,974848,L1,multicast_linked,one_to_all,True,False,True,25,0,11019.0,11.89509029857519
1024,256,wormhole_b0,riscv_0,975872,L1,multicast_linked,one_to_all,True,False,True,25,0,15284.0,17.151531012823867
2048,256,wormhole_b0,riscv_0,976896,L1,multicast_linked,one_to_all,True,False,True,25,0,23580.0,22.234435962680237
4096,256,wormhole_b0,riscv_0,977920,L1,multicast_linked,one_to_all,True,False,True,25,0,41273.0,25.405858551595475
8192,256,wormhole_b0,riscv_0,978944,L1,multicast_linked,one_to_all,True,False,True,25,0,75761.0,27.68115521178443
16384,256,wormhole_b0,riscv_0,979968,L1,multicast_linked,one_to_all,True,False,True,25,0,150992.0,27.778319381159267
32768,256,wormhole_b0,riscv_0,980992,L1,multicast_linked,one_to_all,True,False,True,25,0,301926.0,27.783655597729243
65536,256,wormhole_b0,riscv_0,982016,L1,multicast_linked,one_to_all,True,False,True,25,0,602943.0,27.825542381286457
32,63,wormhole_b0,riscv_0,1044480,L1,unicast,one_to_all,True,False,False,63,0,2468.0,0.8168557536466775
64,63,wormhole_b0,riscv_0,1045504,L1,unicast,one_to_all,True,False,False,63,0,2471.0,1.631728045325779
128,63,wormhole_b0,riscv_0,1046528,L1,unicast,one_to_all,True,False,False,63,0,2468.0,3.26742301458671
256,63,wormhole_b0,riscv_0,1047552,L1,unicast,one_to_all,True,False,False,63,0,2403.0,6.711610486891386
512,63,wormhole_b0,riscv_0,1048576,L1,unicast,one_to_all,True,False,False,63,0,2420.0,13.328925619834711
1024,63,wormhole_b0,riscv_0,1049600,L1,unicast,one_to_all,True,False,False,63,0,2446.0,26.37448896156991
2048,63,wormhole_b0,riscv_0,1050624,L1,unicast,one_to_all,True,False,False,63,0,4452.0,28.9811320754717
4096,63,wormhole_b0,riscv_0,1051648,L1,unicast,one_to_all,True,False,False,63,0,8589.0,30.0440097799511
8192,63,wormhole_b0,riscv_0,1052672,L1,unicast,one_to_all,True,False,False,63,0,16823.0,30.67800035665458
16384,63,wormhole_b0,riscv_0,1053696,L1,unicast,one_to_all,True,False,False,63,0,33295.0,31.00141162336687
32768,63,wormhole_b0,riscv_0,1054720,L1,unicast,one_to_all,True,False,False,63,0,66278.0,31.147349044931953
65536,63,wormhole_b0,riscv_0,1055744,L1,unicast,one_to_all,True,False,False,63,0,132223.0,31.22579278945418
32,252,wormhole_b0,riscv_0,1056768,L1,unicast,one_to_all,True,False,False,63,0,6927.0,1.1641403204850584
64,252,wormhole_b0,riscv_0,1057792,L1,unicast,one_to_all,True,False,False,63,0,6928.0,2.327944572748268
128,252,wormhole_b0,riscv_0,1058816,L1,unicast,one_to_all,True,False,False,63,0,6937.0,4.649848637739657
256,252,wormhole_b0,riscv_0,1059840,L1,unicast,one_to_all,True,False,False,63,0,6940.0,9.295677233429394
512,252,wormhole_b0,riscv_0,1060864,L1,unicast,one_to_all,True,False,False,63,0,6942.0,18.58599827139153
1024,252,wormhole_b0,riscv_0,1061888,L1,unicast,one_to_all,True,False,False,63,0,8784.0,29.37704918032787
2048,252,wormhole_b0,riscv_0,1062912,L1,unicast,one_to_all,True,False,False,63,0,16953.0,30.442753494956644
4096,252,wormhole_b0,riscv_0,1063936,L1,unicast,one_to_all,True,False,False,63,0,33363.0,30.938224979768005
8192,252,wormhole_b0,riscv_0,1064960,L1,unicast,one_to_all,True,False,False,63,0,66269.0,31.151579169747546
16384,252,wormhole_b0,riscv_0,1065984,L1,unicast,one_to_all,True,False,False,63,0,132306.0,31.206203800281166
32768,252,wormhole_b0,riscv_0,1067008,L1,unicast,one_to_all,True,False,False,63,0,264716.0,31.193943698151983
65536,252,wormhole_b0,riscv_0,1068032,L1,unicast,one_to_all,True,False,False,63,0,527956.0,31.281152217230225
32,1008,wormhole_b0,riscv_0,1069056,L1,unicast,one_to_all,True,False,False,63,0,23569.0,1.3685773685773686
64,1008,wormhole_b0,riscv_0,1070080,L1,unicast,one_to_all,True,False,False,63,0,23572.0,2.736806380451383
128,1008,wormhole_b0,riscv_0,1071104,L1,unicast,one_to_all,True,False,False,63,0,23579.0,5.4719877857415495
256,1008,wormhole_b0,riscv_0,1072128,L1,unicast,one_to_all,True,False,False,63,0,25986.0,9.930270145462941
512,1008,wormhole_b0,riscv_0,1073152,L1,unicast,one_to_all,True,False,False,63,0,23720.0,21.757841483979764
1024,1008,wormhole_b0,riscv_0,1074176,L1,unicast,one_to_all,True,False,False,63,0,34298.0,30.094816024257973
2048,1008,wormhole_b0,riscv_0,1075200,L1,unicast,one_to_all,True,False,False,63,0,66917.0,30.849918555822885
4096,1008,wormhole_b0,riscv_0,1076224,L1,unicast,one_to_all,True,False,False,63,0,132367.0,31.1918227352739
8192,1008,wormhole_b0,riscv_0,1077248,L1,unicast,one_to_all,True,False,False,63,0,264367.0,31.2351238997303
16384,1008,wormhole_b0,riscv_0,1078272,L1,unicast,one_to_all,True,False,False,63,0,528090.0,31.27321479293302
32768,1008,wormhole_b0,riscv_0,1079296,L1,unicast,one_to_all,True,False,False,63,0,1055998.0,31.278604694327072
65536,1008,wormhole_b0,riscv_0,1080320,L1,unicast,one_to_all,True,False,False,63,0,2111153.0,31.29109448723044
32,4032,wormhole_b0,riscv_0,1081344,L1,unicast,one_to_all,True,False,False,63,0,90146.0,1.4312781487808666
64,4032,wormhole_b0,riscv_0,1082368,L1,unicast,one_to_all,True,False,False,63,0,90145.0,2.8625880525819514
128,4032,wormhole_b0,riscv_0,1083392,L1,unicast,one_to_all,True,False,False,63,0,90155.0,5.7245410681603905
256,4032,wormhole_b0,riscv_0,1084416,L1,unicast,one_to_all,True,False,False,63,0,90172.0,11.446923657011046
512,4032,wormhole_b0,riscv_0,1085440,L1,unicast,one_to_all,True,False,False,63,0,90179.0,22.892070215903924
1024,4032,wormhole_b0,riscv_0,1086464,L1,unicast,one_to_all,True,False,False,63,0,136103.0,30.33561346921082
2048,4032,wormhole_b0,riscv_0,1087488,L1,unicast,one_to_all,True,False,False,63,0,266121.0,31.02925361019987
4096,4032,wormhole_b0,riscv_0,1088512,L1,unicast,one_to_all,True,False,False,63,0,528508.0,31.24848062848623
8192,4032,wormhole_b0,riscv_0,1089536,L1,unicast,one_to_all,True,False,False,63,0,1056105.0,31.275435681111254
16384,4032,wormhole_b0,riscv_0,1090560,L1,unicast,one_to_all,True,False,False,63,0,2111389.0,31.287596932635342
32768,4032,wormhole_b0,riscv_0,1091584,L1,unicast,one_to_all,True,False,False,63,0,4233215.0,31.210457300184377
65536,4032,wormhole_b0,riscv_0,1092608,L1,unicast,one_to_all,True,False,False,63,0,8443909.0,31.2936996360335
32,16128,wormhole_b0,riscv_0,1093632,L1,unicast,one_to_all,True,False,False,63,0,356448.0,1.4478858066253704
64,16128,wormhole_b0,riscv_0,1094656,L1,unicast,one_to_all,True,False,False,63,0,356452.0,2.8957391177493745
128,16128,wormhole_b0,riscv_0,1095680,L1,unicast,one_to_all,True,False,False,63,0,356459.0,5.791364504753703
256,16128,wormhole_b0,riscv_0,1096704,L1,unicast,one_to_all,True,False,False,63,0,356465.0,11.58253404962619
512,16128,wormhole_b0,riscv_0,1097728,L1,unicast,one_to_all,True,False,False,63,0,356481.0,23.164028377388977
1024,16128,wormhole_b0,riscv_0,1098752,L1,unicast,one_to_all,True,False,False,63,0,544292.0,30.342301558722156
2048,16128,wormhole_b0,riscv_0,1099776,L1,unicast,one_to_all,True,False,False,63,0,1065830.0,30.99006783445765
4096,16128,wormhole_b0,riscv_0,1100800,L1,unicast,one_to_all,True,False,False,63,0,2112814.0,31.26649482633114
8192,16128,wormhole_b0,riscv_0,1101824,L1,unicast,one_to_all,True,False,False,63,0,4224473.0,31.275043301259117
16384,16128,wormhole_b0,riscv_0,1102848,L1,unicast,one_to_all,True,False,False,63,0,8445559.0,31.287585818771735
32768,16128,wormhole_b0,riscv_0,1103872,L1,unicast,one_to_all,True,False,False,63,0,16897014.0,31.276668410169986
65536,16128,wormhole_b0,riscv_0,1104896,L1,unicast,one_to_all,True,False,False,63,0,33773985.0,31.295229390313285
32,63,wormhole_b0,riscv_0,1105920,L1,unicast,one_to_all,True,True,False,63,0,2897.0,0.6958923023817742
64,63,wormhole_b0,riscv_0,1106944,L1,unicast,one_to_all,True,True,False,63,0,2897.0,1.3917846047635485
128,63,wormhole_b0,riscv_0,1107968,L1,unicast,one_to_all,True,True,False,63,0,2898.0,2.782608695652174
256,63,wormhole_b0,riscv_0,1108992,L1,unicast,one_to_all,True,True,False,63,0,2918.0,5.527073337902673
512,63,wormhole_b0,riscv_0,1110016,L1,unicast,one_to_all,True,True,False,63,0,2916.0,11.061728395061728
1024,63,wormhole_b0,riscv_0,1111040,L1,unicast,one_to_all,True,True,False,63,0,2935.0,21.98023850085179
2048,63,wormhole_b0,riscv_0,1112064,L1,unicast,one_to_all,True,True,False,63,0,4460.0,28.92914798206278
4096,63,wormhole_b0,riscv_0,1113088,L1,unicast,one_to_all,True,True,False,63,0,8614.0,29.95681448804272
32,252,wormhole_b0,riscv_0,1114112,L1,unicast,one_to_all,True,True,False,63,0,7363.0,1.0952057585223414
64,252,wormhole_b0,riscv_0,1115136,L1,unicast,one_to_all,True,True,False,63,0,7374.0,2.1871440195280716
128,252,wormhole_b0,riscv_0,1116160,L1,unicast,one_to_all,True,True,False,63,0,7380.0,4.3707317073170735
256,252,wormhole_b0,riscv_0,1117184,L1,unicast,one_to_all,True,True,False,63,0,7132.0,9.045429052159282
512,252,wormhole_b0,riscv_0,1118208,L1,unicast,one_to_all,True,True,False,63,0,7140.0,18.070588235294117
1024,252,wormhole_b0,riscv_0,1119232,L1,unicast,one_to_all,True,True,False,63,0,8844.0,29.177747625508818
2048,252,wormhole_b0,riscv_0,1120256,L1,unicast,one_to_all,True,True,False,63,0,16977.0,30.39971726453437
4096,252,wormhole_b0,riscv_0,1121280,L1,unicast,one_to_all,True,True,False,63,0,33383.0,30.91968966240302
32,1008,wormhole_b0,riscv_0,1122304,L1,unicast,one_to_all,True,True,False,63,0,22358.0,1.4427050720100187
64,1008,wormhole_b0,riscv_0,1123328,L1,unicast,one_to_all,True,True,False,63,0,22359.0,2.8852810948611296
128,1008,wormhole_b0,riscv_0,1124352,L1,unicast,one_to_all,True,True,False,63,0,22364.0,5.7692720443570025
256,1008,wormhole_b0,riscv_0,1125376,L1,unicast,one_to_all,True,True,False,63,0,22498.0,11.469819539514624
512,1008,wormhole_b0,riscv_0,1126400,L1,unicast,one_to_all,True,True,False,63,0,22387.0,23.053379193281817
1024,1008,wormhole_b0,riscv_0,1127424,L1,unicast,one_to_all,True,True,False,63,0,34369.0,30.032645698158223
2048,1008,wormhole_b0,riscv_0,1128448,L1,unicast,one_to_all,True,True,False,63,0,66739.0,30.932198564557456
4096,1008,wormhole_b0,riscv_0,1129472,L1,unicast,one_to_all,True,True,False,63,0,132377.0,31.18946644809899
32,4032,wormhole_b0,riscv_0,1130496,L1,unicast,one_to_all,True,True,False,63,0,82838.0,1.5575460537434511
64,4032,wormhole_b0,riscv_0,1131520,L1,unicast,one_to_all,True,True,False,63,0,82838.0,3.1150921074869022
128,4032,wormhole_b0,riscv_0,1132544,L1,unicast,one_to_all,True,True,False,63,0,82847.0,6.229507405216846
256,4032,wormhole_b0,riscv_0,1133568,L1,unicast,one_to_all,True,True,False,63,0,82965.0,12.441294521786295
512,4032,wormhole_b0,riscv_0,1134592,L1,unicast,one_to_all,True,True,False,63,0,82973.0,24.88018994130621
1024,4032,wormhole_b0,riscv_0,1135616,L1,unicast,one_to_all,True,True,False,63,0,136117.0,30.33249336967462
2048,4032,wormhole_b0,riscv_0,1136640,L1,unicast,one_to_all,True,True,False,63,0,266103.0,31.031352521392094
4096,4032,wormhole_b0,riscv_0,1137664,L1,unicast,one_to_all,True,True,False,63,0,528518.0,31.24788938125097
32,16128,wormhole_b0,riscv_0,1138688,L1,unicast,one_to_all,True,True,False,63,0,324757.0,1.589175906908858
64,16128,wormhole_b0,riscv_0,1139712,L1,unicast,one_to_all,True,True,False,63,0,324757.0,3.178351813817716
128,16128,wormhole_b0,riscv_0,1140736,L1,unicast,one_to_all,True,True,False,63,0,324764.0,6.3565666145262405
256,16128,wormhole_b0,riscv_0,1141760,L1,unicast,one_to_all,True,True,False,63,0,324900.0,12.70781163434903
512,16128,wormhole_b0,riscv_0,1142784,L1,unicast,one_to_all,True,True,False,63,0,324906.0,25.415153921441895
1024,16128,wormhole_b0,riscv_0,1143808,L1,unicast,one_to_all,True,True,False,63,0,543475.0,30.387914807488844
2048,16128,wormhole_b0,riscv_0,1144832,L1,unicast,one_to_all,True,True,False,63,0,1063781.0,31.049759301961586
4096,16128,wormhole_b0,riscv_0,1145856,L1,unicast,one_to_all,True,True,False,63,0,2113299.0,31.25931919714153
32,1,wormhole_b0,riscv_0,1146880,L1,multicast,one_to_all,True,False,True,64,0,581.0,0.055077452667814115
64,1,wormhole_b0,riscv_0,1147904,L1,multicast,one_to_all,True,False,True,64,0,590.0,0.10847457627118644
128,1,wormhole_b0,riscv_0,1148928,L1,multicast,one_to_all,True,False,True,64,0,590.0,0.21694915254237288
256,1,wormhole_b0,riscv_0,1149952,L1,multicast,one_to_all,True,False,True,64,0,591.0,0.43316412859560066
512,1,wormhole_b0,riscv_0,1150976,L1,multicast,one_to_all,True,False,True,64,0,602.0,0.8504983388704319
1024,1,wormhole_b0,riscv_0,1152000,L1,multicast,one_to_all,True,False,True,64,0,623.0,1.6436597110754414
2048,1,wormhole_b0,riscv_0,1153024,L1,multicast,one_to_all,True,False,True,64,0,672.0,3.0476190476190474
4096,1,wormhole_b0,riscv_0,1154048,L1,multicast,one_to_all,True,False,True,64,0,744.0,5.505376344086022
8192,1,wormhole_b0,riscv_0,1155072,L1,multicast,one_to_all,True,False,True,64,0,910.0,9.002197802197802
16384,1,wormhole_b0,riscv_0,1156096,L1,multicast,one_to_all,True,False,True,64,0,1468.0,11.160762942779291
32768,1,wormhole_b0,riscv_0,1157120,L1,multicast,one_to_all,True,False,True,64,0,2564.0,12.78003120124805
65536,1,wormhole_b0,riscv_0,1158144,L1,multicast,one_to_all,True,False,True,64,0,4763.0,13.759395339072013
32,4,wormhole_b0,riscv_0,1159168,L1,multicast,one_to_all,True,False,True,64,0,1411.0,0.09071580439404678
64,4,wormhole_b0,riscv_0,1160192,L1,multicast,one_to_all,True,False,True,64,0,1424.0,0.1797752808988764
128,4,wormhole_b0,riscv_0,1161216,L1,multicast,one_to_all,True,False,True,64,0,1432.0,0.3575418994413408
256,4,wormhole_b0,riscv_0,1162240,L1,multicast,one_to_all,True,False,True,64,0,1441.0,0.710617626648161
512,4,wormhole_b0,riscv_0,1163264,L1,multicast,one_to_all,True,False,True,64,0,1480.0,1.3837837837837839
1024,4,wormhole_b0,riscv_0,1164288,L1,multicast,one_to_all,True,False,True,64,0,1560.0,2.6256410256410256
2048,4,wormhole_b0,riscv_0,1165312,L1,multicast,one_to_all,True,False,True,64,0,1709.0,4.793446459918081
4096,4,wormhole_b0,riscv_0,1166336,L1,multicast,one_to_all,True,False,True,64,0,2003.0,8.17973040439341
8192,4,wormhole_b0,riscv_0,1167360,L1,multicast,one_to_all,True,False,True,64,0,2824.0,11.603399433427763
16384,4,wormhole_b0,riscv_0,1168384,L1,multicast,one_to_all,True,False,True,64,0,4752.0,13.79124579124579
32768,4,wormhole_b0,riscv_0,1169408,L1,multicast,one_to_all,True,False,True,64,0,9120.0,14.371929824561404
65536,4,wormhole_b0,riscv_0,1170432,L1,multicast,one_to_all,True,False,True,64,0,17866.0,14.672786297996193
32,16,wormhole_b0,riscv_0,1171456,L1,multicast,one_to_all,True,False,True,64,0,4742.0,0.10797132011809363
64,16,wormhole_b0,riscv_0,1172480,L1,multicast,one_to_all,True,False,True,64,0,4754.0,0.2153975599495162
128,16,wormhole_b0,riscv_0,1173504,L1,multicast,one_to_all,True,False,True,64,0,4794.0,0.42720066750104296
256,16,wormhole_b0,riscv_0,1174528,L1,multicast,one_to_all,True,False,True,64,0,4850.0,0.8445360824742268
512,16,wormhole_b0,riscv_0,1175552,L1,multicast,one_to_all,True,False,True,64,0,4994.0,1.6403684421305567
1024,16,wormhole_b0,riscv_0,1176576,L1,multicast,one_to_all,True,False,True,64,0,5265.0,3.1118708452041783
2048,16,wormhole_b0,riscv_0,1177600,L1,multicast,one_to_all,True,False,True,64,0,5837.0,5.613842727428474
4096,16,wormhole_b0,riscv_0,1178624,L1,multicast,one_to_all,True,False,True,64,0,6953.0,9.425571695670934
8192,16,wormhole_b0,riscv_0,1179648,L1,multicast,one_to_all,True,False,True,64,0,9144.0,14.334208223972004
16384,16,wormhole_b0,riscv_0,1180672,L1,multicast,one_to_all,True,False,True,64,0,17879.0,14.66211756809665
32768,16,wormhole_b0,riscv_0,1181696,L1,multicast,one_to_all,True,False,True,64,0,35467.0,14.782417458482533
65536,16,wormhole_b0,riscv_0,1182720,L1,multicast,one_to_all,True,False,True,64,0,70352.0,14.904707755287696
32,64,wormhole_b0,riscv_0,1183744,L1,multicast,one_to_all,True,False,True,64,0,18032.0,0.11357586512866016
64,64,wormhole_b0,riscv_0,1184768,L1,multicast,one_to_all,True,False,True,64,0,18098.0,0.22632335064648026
128,64,wormhole_b0,riscv_0,1185792,L1,multicast,one_to_all,True,False,True,64,0,18233.0,0.449295233916525
256,64,wormhole_b0,riscv_0,1186816,L1,multicast,one_to_all,True,False,True,64,0,18490.0,0.8861005949161709
512,64,wormhole_b0,riscv_0,1187840,L1,multicast,one_to_all,True,False,True,64,0,19025.0,1.722365308804205
1024,64,wormhole_b0,riscv_0,1188864,L1,multicast,one_to_all,True,False,True,64,0,20112.0,3.258552108194113
2048,64,wormhole_b0,riscv_0,1189888,L1,multicast,one_to_all,True,False,True,64,0,22388.0,5.854564945506521
4096,64,wormhole_b0,riscv_0,1190912,L1,multicast,one_to_all,True,False,True,64,0,26680.0,9.825487256371813
8192,64,wormhole_b0,riscv_0,1191936,L1,multicast,one_to_all,True,False,True,64,0,37184.0,14.099827882960414
16384,64,wormhole_b0,riscv_0,1192960,L1,multicast,one_to_all,True,False,True,64,0,70368.0,14.90131878126421
32768,64,wormhole_b0,riscv_0,1193984,L1,multicast,one_to_all,True,False,True,64,0,140410.0,14.935916245281675
65536,64,wormhole_b0,riscv_0,1195008,L1,multicast,one_to_all,True,False,True,64,0,280190.0,14.969499268353617
32,256,wormhole_b0,riscv_0,1196032,L1,multicast,one_to_all,True,False,True,64,0,71228.0,0.11501095074970517
64,256,wormhole_b0,riscv_0,1197056,L1,multicast,one_to_all,True,False,True,64,0,71473.0,0.22923341681474124
128,256,wormhole_b0,riscv_0,1198080,L1,multicast,one_to_all,True,False,True,64,0,71988.0,0.45518697560704563
256,256,wormhole_b0,riscv_0,1199104,L1,multicast,one_to_all,True,False,True,64,0,73017.0,0.8975444074667543
512,256,wormhole_b0,riscv_0,1200128,L1,multicast,one_to_all,True,False,True,64,0,75155.0,1.7440223538021422
1024,256,wormhole_b0,riscv_0,1201152,L1,multicast,one_to_all,True,False,True,64,0,79492.0,3.2977406531474864
2048,256,wormhole_b0,riscv_0,1202176,L1,multicast,one_to_all,True,False,True,64,0,88384.0,5.93193338160753
4096,256,wormhole_b0,riscv_0,1203200,L1,multicast,one_to_all,True,False,True,64,0,105744.0,9.916174912997429
8192,256,wormhole_b0,riscv_0,1204224,L1,multicast,one_to_all,True,False,True,64,0,140426.0,14.93421446170937
16384,256,wormhole_b0,riscv_0,1205248,L1,multicast,one_to_all,True,False,True,64,0,280200.0,14.968965024982156
32768,256,wormhole_b0,riscv_0,1206272,L1,multicast,one_to_all,True,False,True,64,0,561756.0,14.932832048077813
65536,256,wormhole_b0,riscv_0,1207296,L1,multicast,one_to_all,True,False,True,64,0,1119171.0,14.990752976980282
32,1,wormhole_b0,riscv_0,1208320,L1,multicast_linked,one_to_all,True,False,True,64,0,582.0,0.054982817869415807
64,1,wormhole_b0,riscv_0,1209344,L1,multicast_linked,one_to_all,True,False,True,64,0,590.0,0.10847457627118644
128,1,wormhole_b0,riscv_0,1210368,L1,multicast_linked,one_to_all,True,False,True,64,0,590.0,0.21694915254237288
256,1,wormhole_b0,riscv_0,1211392,L1,multicast_linked,one_to_all,True,False,True,64,0,590.0,0.43389830508474575
512,1,wormhole_b0,riscv_0,1212416,L1,multicast_linked,one_to_all,True,False,True,64,0,607.0,0.8434925864909391
1024,1,wormhole_b0,riscv_0,1213440,L1,multicast_linked,one_to_all,True,False,True,64,0,624.0,1.641025641025641
2048,1,wormhole_b0,riscv_0,1214464,L1,multicast_linked,one_to_all,True,False,True,64,0,675.0,3.034074074074074
4096,1,wormhole_b0,riscv_0,1215488,L1,multicast_linked,one_to_all,True,False,True,64,0,752.0,5.446808510638298
8192,1,wormhole_b0,riscv_0,1216512,L1,multicast_linked,one_to_all,True,False,True,64,0,918.0,8.923747276688454
16384,1,wormhole_b0,riscv_0,1217536,L1,multicast_linked,one_to_all,True,False,True,64,0,1486.0,11.02557200538358
32768,1,wormhole_b0,riscv_0,1218560,L1,multicast_linked,one_to_all,True,False,True,64,0,2572.0,12.740279937791602
65536,1,wormhole_b0,riscv_0,1219584,L1,multicast_linked,one_to_all,True,False,True,64,0,4762.0,13.762284754304915
32,4,wormhole_b0,riscv_0,1220608,L1,multicast_linked,one_to_all,True,False,True,64,0,736.0,0.17391304347826086
64,4,wormhole_b0,riscv_0,1221632,L1,multicast_linked,one_to_all,True,False,True,64,0,739.0,0.34641407307171856
128,4,wormhole_b0,riscv_0,1222656,L1,multicast_linked,one_to_all,True,False,True,64,0,737.0,0.694708276797829
256,4,wormhole_b0,riscv_0,1223680,L1,multicast_linked,one_to_all,True,False,True,64,0,746.0,1.3726541554959786
512,4,wormhole_b0,riscv_0,1224704,L1,multicast_linked,one_to_all,True,False,True,64,0,752.0,2.723404255319149
1024,4,wormhole_b0,riscv_0,1225728,L1,multicast_linked,one_to_all,True,False,True,64,0,805.0,5.088198757763975
2048,4,wormhole_b0,riscv_0,1226752,L1,multicast_linked,one_to_all,True,False,True,64,0,1003.0,8.167497507477567
4096,4,wormhole_b0,riscv_0,1227776,L1,multicast_linked,one_to_all,True,False,True,64,0,1324.0,12.374622356495468
8192,4,wormhole_b0,riscv_0,1228800,L1,multicast_linked,one_to_all,True,False,True,64,0,1925.0,17.022337662337662
16384,4,wormhole_b0,riscv_0,1229824,L1,multicast_linked,one_to_all,True,False,True,64,0,3488.0,18.788990825688074
32768,4,wormhole_b0,riscv_0,1230848,L1,multicast_linked,one_to_all,True,False,True,64,0,6598.0,19.865413761745984
65536,4,wormhole_b0,riscv_0,1231872,L1,multicast_linked,one_to_all,True,False,True,64,0,12813.0,20.45922110356669
32,16,wormhole_b0,riscv_0,1232896,L1,multicast_linked,one_to_all,True,False,True,64,0,1489.0,0.34385493619879115
64,16,wormhole_b0,riscv_0,1233920,L1,multicast_linked,one_to_all,True,False,True,64,0,1492.0,0.6863270777479893
128,16,wormhole_b0,riscv_0,1234944,L1,multicast_linked,one_to_all,True,False,True,64,0,1513.0,1.3536021150033046
256,16,wormhole_b0,riscv_0,1235968,L1,multicast_linked,one_to_all,True,False,True,64,0,1544.0,2.6528497409326426
512,16,wormhole_b0,riscv_0,1236992,L1,multicast_linked,one_to_all,True,False,True,64,0,1652.0,4.958837772397095
1024,16,wormhole_b0,riscv_0,1238016,L1,multicast_linked,one_to_all,True,False,True,64,0,1912.0,8.569037656903765
2048,16,wormhole_b0,riscv_0,1239040,L1,multicast_linked,one_to_all,True,False,True,64,0,2546.0,12.870384917517676
4096,16,wormhole_b0,riscv_0,1240064,L1,multicast_linked,one_to_all,True,False,True,64,0,3663.0,17.891345891345892
8192,16,wormhole_b0,riscv_0,1241088,L1,multicast_linked,one_to_all,True,False,True,64,0,5966.0,21.96982903117667
16384,16,wormhole_b0,riscv_0,1242112,L1,multicast_linked,one_to_all,True,False,True,64,0,11538.0,22.720055468885423
32768,16,wormhole_b0,riscv_0,1243136,L1,multicast_linked,one_to_all,True,False,True,64,0,22697.0,23.09944045468564
65536,16,wormhole_b0,riscv_0,1244160,L1,multicast_linked,one_to_all,True,False,True,64,0,45001.0,23.301171085087
32,64,wormhole_b0,riscv_0,1245184,L1,multicast_linked,one_to_all,True,False,True,64,0,4666.0,0.43891984569224174
64,64,wormhole_b0,riscv_0,1246208,L1,multicast_linked,one_to_all,True,False,True,64,0,4733.0,0.8654130572575534
128,64,wormhole_b0,riscv_0,1247232,L1,multicast_linked,one_to_all,True,False,True,64,0,4830.0,1.6960662525879917
256,64,wormhole_b0,riscv_0,1248256,L1,multicast_linked,one_to_all,True,False,True,64,0,5064.0,3.235387045813586
512,64,wormhole_b0,riscv_0,1249280,L1,multicast_linked,one_to_all,True,False,True,64,0,5522.0,5.93408185440058
1024,64,wormhole_b0,riscv_0,1250304,L1,multicast_linked,one_to_all,True,False,True,64,0,6561.0,9.988721231519586
2048,64,wormhole_b0,riscv_0,1251328,L1,multicast_linked,one_to_all,True,False,True,64,0,8740.0,14.99679633867277
4096,64,wormhole_b0,riscv_0,1252352,L1,multicast_linked,one_to_all,True,False,True,64,0,12986.0,20.186662559679654
8192,64,wormhole_b0,riscv_0,1253376,L1,multicast_linked,one_to_all,True,False,True,64,0,22058.0,23.768610028107716
16384,64,wormhole_b0,riscv_0,1254400,L1,multicast_linked,one_to_all,True,False,True,64,0,43730.0,23.97841298879488
32768,64,wormhole_b0,riscv_0,1255424,L1,multicast_linked,one_to_all,True,False,True,64,0,87151.0,24.063430138495256
65536,64,wormhole_b0,riscv_0,1256448,L1,multicast_linked,one_to_all,True,False,True,64,0,173774.0,24.136545167861705
32,256,wormhole_b0,riscv_0,1257472,L1,multicast_linked,one_to_all,True,False,True,64,0,17388.0,0.47112951460777547
64,256,wormhole_b0,riscv_0,1258496,L1,multicast_linked,one_to_all,True,False,True,64,0,17654.0,0.928061629092557
128,256,wormhole_b0,riscv_0,1259520,L1,multicast_linked,one_to_all,True,False,True,64,0,18108.0,1.8095869229070025
256,256,wormhole_b0,riscv_0,1260544,L1,multicast_linked,one_to_all,True,False,True,64,0,19084.0,3.4340809054705512
512,256,wormhole_b0,riscv_0,1261568,L1,multicast_linked,one_to_all,True,False,True,64,0,21104.0,6.21076573161486
1024,256,wormhole_b0,riscv_0,1262592,L1,multicast_linked,one_to_all,True,False,True,64,0,25205.0,10.400476096012696
2048,256,wormhole_b0,riscv_0,1263616,L1,multicast_linked,one_to_all,True,False,True,64,0,33523.0,15.639650389284968
4096,256,wormhole_b0,riscv_0,1264640,L1,multicast_linked,one_to_all,True,False,True,64,0,50349.0,20.826153448926494
8192,256,wormhole_b0,riscv_0,1265664,L1,multicast_linked,one_to_all,True,False,True,64,0,86478.0,24.25069959989824
16384,256,wormhole_b0,riscv_0,1266688,L1,multicast_linked,one_to_all,True,False,True,64,0,172523.0,24.311564255200757
32768,256,wormhole_b0,riscv_0,1267712,L1,multicast_linked,one_to_all,True,False,True,64,0,344818.0,24.327639508378333
65536,256,wormhole_b0,riscv_0,1268736,L1,multicast_linked,one_to_all,True,False,True,64,0,688913.0,24.353170864826183
32,4,wormhole_b0,riscv_0,0,L1,unicast,one_to_all,True,False,False,4,0,420.0,0.3047619047619048
64,4,wormhole_b0,riscv_0,1024,L1,unicast,one_to_all,True,False,False,4,0,419.0,0.6109785202863962
128,4,wormhole_b0,riscv_0,2048,L1,unicast,one_to_all,True,False,False,4,0,429.0,1.1934731934731935
256,4,wormhole_b0,riscv_0,3072,L1,unicast,one_to_all,True,False,False,4,0,428.0,2.392523364485981
512,4,wormhole_b0,riscv_0,4096,L1,unicast,one_to_all,True,False,False,4,0,441.0,4.6439909297052155
1024,4,wormhole_b0,riscv_0,5120,L1,unicast,one_to_all,True,False,False,4,0,459.0,8.923747276688454
2048,4,wormhole_b0,riscv_0,6144,L1,unicast,one_to_all,True,False,False,4,0,626.0,13.08626198083067
4096,4,wormhole_b0,riscv_0,7168,L1,unicast,one_to_all,True,False,False,4,0,889.0,18.429696287964006
8192,4,wormhole_b0,riscv_0,8192,L1,unicast,one_to_all,True,False,False,4,0,1436.0,22.818941504178273
16384,4,wormhole_b0,riscv_0,9216,L1,unicast,one_to_all,True,False,False,4,0,2487.0,26.351427422597506
32768,4,wormhole_b0,riscv_0,10240,L1,unicast,one_to_all,True,False,False,4,0,4594.0,28.531127557683934
65536,4,wormhole_b0,riscv_0,11264,L1,unicast,one_to_all,True,False,False,4,0,8752.0,29.952468007312614
32,16,wormhole_b0,riscv_0,12288,L1,unicast,one_to_all,True,False,False,4,0,712.0,0.7191011235955056
64,16,wormhole_b0,riscv_0,13312,L1,unicast,one_to_all,True,False,False,4,0,705.0,1.4524822695035462
128,16,wormhole_b0,riscv_0,14336,L1,unicast,one_to_all,True,False,False,4,0,706.0,2.9008498583569406
256,16,wormhole_b0,riscv_0,15360,L1,unicast,one_to_all,True,False,False,4,0,715.0,5.728671328671329
512,16,wormhole_b0,riscv_0,16384,L1,unicast,one_to_all,True,False,False,4,0,717.0,11.425383542538354
1024,16,wormhole_b0,riscv_0,17408,L1,unicast,one_to_all,True,False,False,4,0,889.0,18.429696287964006
2048,16,wormhole_b0,riscv_0,18432,L1,unicast,one_to_all,True,False,False,4,0,1449.0,22.614216701173223
4096,16,wormhole_b0,riscv_0,19456,L1,unicast,one_to_all,True,False,False,4,0,2483.0,26.393878372935966
8192,16,wormhole_b0,riscv_0,20480,L1,unicast,one_to_all,True,False,False,4,0,4573.0,28.662147386835777
16384,16,wormhole_b0,riscv_0,21504,L1,unicast,one_to_all,True,False,False,4,0,8754.0,29.945624857208134
32768,16,wormhole_b0,riscv_0,22528,L1,unicast,one_to_all,True,False,False,4,0,17150.0,30.570728862973763
65536,16,wormhole_b0,riscv_0,23552,L1,unicast,one_to_all,True,False,False,4,0,33893.0,30.937833770985158
32,64,wormhole_b0,riscv_0,24576,L1,unicast,one_to_all,True,False,False,4,0,1780.0,1.150561797752809
64,64,wormhole_b0,riscv_0,25600,L1,unicast,one_to_all,True,False,False,4,0,1773.0,2.310208685843204
128,64,wormhole_b0,riscv_0,26624,L1,unicast,one_to_all,True,False,False,4,0,1778.0,4.607424071991002
256,64,wormhole_b0,riscv_0,27648,L1,unicast,one_to_all,True,False,False,4,0,1773.0,9.240834743372815
512,64,wormhole_b0,riscv_0,28672,L1,unicast,one_to_all,True,False,False,4,0,1781.0,18.398652442448064
1024,64,wormhole_b0,riscv_0,29696,L1,unicast,one_to_all,True,False,False,4,0,2533.0,25.872878010264508
2048,64,wormhole_b0,riscv_0,30720,L1,unicast,one_to_all,True,False,False,4,0,4607.0,28.450618623833297
4096,64,wormhole_b0,riscv_0,31744,L1,unicast,one_to_all,True,False,False,4,0,8744.0,29.979871912168345
8192,64,wormhole_b0,riscv_0,32768,L1,unicast,one_to_all,True,False,False,4,0,17172.0,30.531563009550432
16384,64,wormhole_b0,riscv_0,33792,L1,unicast,one_to_all,True,False,False,4,0,33897.0,30.934182966044194
32768,64,wormhole_b0,riscv_0,34816,L1,unicast,one_to_all,True,False,False,4,0,67515.0,31.062015848330002
65536,64,wormhole_b0,riscv_0,35840,L1,unicast,one_to_all,True,False,False,4,0,134344.0,31.220627642470077
32,256,wormhole_b0,riscv_0,36864,L1,unicast,one_to_all,True,False,False,4,0,6045.0,1.3551695616211745
64,256,wormhole_b0,riscv_0,37888,L1,unicast,one_to_all,True,False,False,4,0,6054.0,2.7063098777667656
128,256,wormhole_b0,riscv_0,38912,L1,unicast,one_to_all,True,False,False,4,0,6045.0,5.420678246484698
256,256,wormhole_b0,riscv_0,39936,L1,unicast,one_to_all,True,False,False,4,0,6045.0,10.841356492969396
512,256,wormhole_b0,riscv_0,40960,L1,unicast,one_to_all,True,False,False,4,0,6055.0,21.64690338563171
1024,256,wormhole_b0,riscv_0,41984,L1,unicast,one_to_all,True,False,False,4,0,8976.0,29.204991087344027
2048,256,wormhole_b0,riscv_0,43008,L1,unicast,one_to_all,True,False,False,4,0,17264.0,30.368860055607044
4096,256,wormhole_b0,riscv_0,44032,L1,unicast,one_to_all,True,False,False,4,0,33870.0,30.958842633599055
8192,256,wormhole_b0,riscv_0,45056,L1,unicast,one_to_all,True,False,False,4,0,67414.0,31.108553119530068
16384,256,wormhole_b0,riscv_0,46080,L1,unicast,one_to_all,True,False,False,4,0,134393.0,31.20924452910494
32768,256,wormhole_b0,riscv_0,47104,L1,unicast,one_to_all,True,False,False,4,0,268439.0,31.249587429546377
65536,256,wormhole_b0,riscv_0,48128,L1,unicast,one_to_all,True,False,False,4,0,536318.0,31.282216893708583
32,1024,wormhole_b0,riscv_0,49152,L1,unicast,one_to_all,True,False,False,4,0,23133.0,1.4165045605844464
64,1024,wormhole_b0,riscv_0,50176,L1,unicast,one_to_all,True,False,False,4,0,23133.0,2.833009121168893
128,1024,wormhole_b0,riscv_0,51200,L1,unicast,one_to_all,True,False,False,4,0,23133.0,5.666018242337786
256,1024,wormhole_b0,riscv_0,52224,L1,unicast,one_to_all,True,False,False,4,0,23142.0,11.32762941837352
512,1024,wormhole_b0,riscv_0,53248,L1,unicast,one_to_all,True,False,False,4,0,23159.0,22.638628610907208
1024,1024,wormhole_b0,riscv_0,54272,L1,unicast,one_to_all,True,False,False,4,0,34953.0,29.999599462134867
2048,1024,wormhole_b0,riscv_0,55296,L1,unicast,one_to_all,True,False,False,4,0,67846.0,30.910473719895055
4096,1024,wormhole_b0,riscv_0,56320,L1,unicast,one_to_all,True,False,False,4,0,134485.0,31.18789456073168
8192,1024,wormhole_b0,riscv_0,57344,L1,unicast,one_to_all,True,False,False,4,0,268415.0,31.252381573309986
16384,1024,wormhole_b0,riscv_0,58368,L1,unicast,one_to_all,True,False,False,4,0,536391.0,31.277959548165423
32768,1024,wormhole_b0,riscv_0,59392,L1,unicast,one_to_all,True,False,False,4,0,1075184.0,31.208083453622823
65536,1024,wormhole_b0,riscv_0,60416,L1,unicast,one_to_all,True,False,False,4,0,2144864.0,31.288167454906233
32,4,wormhole_b0,riscv_0,61440,L1,unicast,one_to_all,True,True,False,4,0,447.0,0.28635346756152125
64,4,wormhole_b0,riscv_0,62464,L1,unicast,one_to_all,True,True,False,4,0,446.0,0.5739910313901345
128,4,wormhole_b0,riscv_0,63488,L1,unicast,one_to_all,True,True,False,4,0,457.0,1.1203501094091903
256,4,wormhole_b0,riscv_0,64512,L1,unicast,one_to_all,True,True,False,4,0,457.0,2.2407002188183807
512,4,wormhole_b0,riscv_0,65536,L1,unicast,one_to_all,True,True,False,4,0,468.0,4.3760683760683765
1024,4,wormhole_b0,riscv_0,66560,L1,unicast,one_to_all,True,True,False,4,0,494.0,8.291497975708502
2048,4,wormhole_b0,riscv_0,67584,L1,unicast,one_to_all,True,True,False,4,0,635.0,12.900787401574803
4096,4,wormhole_b0,riscv_0,68608,L1,unicast,one_to_all,True,True,False,4,0,890.0,18.408988764044945
32,16,wormhole_b0,riscv_0,69632,L1,unicast,one_to_all,True,True,False,4,0,714.0,0.7170868347338936
64,16,wormhole_b0,riscv_0,70656,L1,unicast,one_to_all,True,True,False,4,0,720.0,1.4222222222222223
128,16,wormhole_b0,riscv_0,71680,L1,unicast,one_to_all,True,True,False,4,0,716.0,2.8603351955307263
256,16,wormhole_b0,riscv_0,72704,L1,unicast,one_to_all,True,True,False,4,0,727.0,5.6341127922971115
512,16,wormhole_b0,riscv_0,73728,L1,unicast,one_to_all,True,True,False,4,0,748.0,10.95187165775401
1024,16,wormhole_b0,riscv_0,74752,L1,unicast,one_to_all,True,True,False,4,0,889.0,18.429696287964006
2048,16,wormhole_b0,riscv_0,75776,L1,unicast,one_to_all,True,True,False,4,0,1437.0,22.803061934585944
4096,16,wormhole_b0,riscv_0,76800,L1,unicast,one_to_all,True,True,False,4,0,2498.0,26.235388310648517
32,64,wormhole_b0,riscv_0,77824,L1,unicast,one_to_all,True,True,False,4,0,1680.0,1.2190476190476192
64,64,wormhole_b0,riscv_0,78848,L1,unicast,one_to_all,True,True,False,4,0,1678.0,2.441001191895113
128,64,wormhole_b0,riscv_0,79872,L1,unicast,one_to_all,True,True,False,4,0,1678.0,4.882002383790226
256,64,wormhole_b0,riscv_0,80896,L1,unicast,one_to_all,True,True,False,4,0,1696.0,9.660377358490566
512,64,wormhole_b0,riscv_0,81920,L1,unicast,one_to_all,True,True,False,4,0,1693.0,19.354991139988186
1024,64,wormhole_b0,riscv_0,82944,L1,unicast,one_to_all,True,True,False,4,0,2534.0,25.86266771902131
2048,64,wormhole_b0,riscv_0,83968,L1,unicast,one_to_all,True,True,False,4,0,4648.0,28.199655765920827
4096,64,wormhole_b0,riscv_0,84992,L1,unicast,one_to_all,True,True,False,4,0,8798.0,29.79586269606729
32,256,wormhole_b0,riscv_0,86016,L1,unicast,one_to_all,True,True,False,4,0,5519.0,1.4843268708099293
64,256,wormhole_b0,riscv_0,87040,L1,unicast,one_to_all,True,True,False,4,0,5515.0,2.970806890299184
128,256,wormhole_b0,riscv_0,88064,L1,unicast,one_to_all,True,True,False,4,0,5520.0,5.936231884057971
256,256,wormhole_b0,riscv_0,89088,L1,unicast,one_to_all,True,True,False,4,0,5533.0,11.844568949936743
512,256,wormhole_b0,riscv_0,90112,L1,unicast,one_to_all,True,True,False,4,0,5540.0,23.659205776173284
1024,256,wormhole_b0,riscv_0,91136,L1,unicast,one_to_all,True,True,False,4,0,9002.0,29.120639857809376
2048,256,wormhole_b0,riscv_0,92160,L1,unicast,one_to_all,True,True,False,4,0,17298.0,30.309168690021966
4096,256,wormhole_b0,riscv_0,93184,L1,unicast,one_to_all,True,True,False,4,0,33939.0,30.895901470284922
32,1024,wormhole_b0,riscv_0,94208,L1,unicast,one_to_all,True,True,False,4,0,20881.0,1.5692735022269049
64,1024,wormhole_b0,riscv_0,95232,L1,unicast,one_to_all,True,True,False,4,0,20885.0,3.1379458941824274
128,1024,wormhole_b0,riscv_0,96256,L1,unicast,one_to_all,True,True,False,4,0,20880.0,6.277394636015326
256,1024,wormhole_b0,riscv_0,97280,L1,unicast,one_to_all,True,True,False,4,0,20890.0,12.548779320248922
512,1024,wormhole_b0,riscv_0,98304,L1,unicast,one_to_all,True,True,False,4,0,20889.0,25.098760112978123
1024,1024,wormhole_b0,riscv_0,99328,L1,unicast,one_to_all,True,True,False,4,0,34846.0,30.091717844228892
2048,1024,wormhole_b0,riscv_0,100352,L1,unicast,one_to_all,True,True,False,4,0,67996.0,30.842284840284723
4096,1024,wormhole_b0,riscv_0,101376,L1,unicast,one_to_all,True,True,False,4,0,134498.0,31.184880072566134
32,1,wormhole_b0,riscv_0,163840,L1,multicast,one_to_all,True,False,False,4,0,449.0,0.07126948775055679
64,1,wormhole_b0,riscv_0,164864,L1,multicast,one_to_all,True,False,False,4,0,449.0,0.14253897550111358
128,1,wormhole_b0,riscv_0,165888,L1,multicast,one_to_all,True,False,False,4,0,451.0,0.2838137472283814
256,1,wormhole_b0,riscv_0,166912,L1,multicast,one_to_all,True,False,False,4,0,458.0,0.5589519650655022
512,1,wormhole_b0,riscv_0,167936,L1,multicast,one_to_all,True,False,False,4,0,468.0,1.0940170940170941
1024,1,wormhole_b0,riscv_0,168960,L1,multicast,one_to_all,True,False,False,4,0,483.0,2.12008281573499
2048,1,wormhole_b0,riscv_0,169984,L1,multicast,one_to_all,True,False,False,4,0,530.0,3.8641509433962264
4096,1,wormhole_b0,riscv_0,171008,L1,multicast,one_to_all,True,False,False,4,0,611.0,6.703764320785598
8192,1,wormhole_b0,riscv_0,172032,L1,multicast,one_to_all,True,False,False,4,0,747.0,10.966532797858099
16384,1,wormhole_b0,riscv_0,173056,L1,multicast,one_to_all,True,False,False,4,0,1216.0,13.473684210526315
32768,1,wormhole_b0,riscv_0,174080,L1,multicast,one_to_all,True,False,False,4,0,2078.0,15.76900866217517
65536,1,wormhole_b0,riscv_0,175104,L1,multicast,one_to_all,True,False,False,4,0,3765.0,17.4066401062417
32,4,wormhole_b0,riscv_0,176128,L1,multicast,one_to_all,True,False,False,4,0,942.0,0.13588110403397027
64,4,wormhole_b0,riscv_0,177152,L1,multicast,one_to_all,True,False,False,4,0,942.0,0.27176220806794055
128,4,wormhole_b0,riscv_0,178176,L1,multicast,one_to_all,True,False,False,4,0,952.0,0.5378151260504201
256,4,wormhole_b0,riscv_0,179200,L1,multicast,one_to_all,True,False,False,4,0,981.0,1.0438328236493375
512,4,wormhole_b0,riscv_0,180224,L1,multicast,one_to_all,True,False,False,4,0,1014.0,2.019723865877712
1024,4,wormhole_b0,riscv_0,181248,L1,multicast,one_to_all,True,False,False,4,0,1092.0,3.750915750915751
2048,4,wormhole_b0,riscv_0,182272,L1,multicast,one_to_all,True,False,False,4,0,1229.0,6.665581773799837
4096,4,wormhole_b0,riscv_0,183296,L1,multicast,one_to_all,True,False,False,4,0,1516.0,10.807387862796833
8192,4,wormhole_b0,riscv_0,184320,L1,multicast,one_to_all,True,False,False,4,0,2076.0,15.784200385356455
16384,4,wormhole_b0,riscv_0,185344,L1,multicast,one_to_all,True,False,False,4,0,3759.0,17.43442404894919
32768,4,wormhole_b0,riscv_0,186368,L1,multicast,one_to_all,True,False,False,4,0,7189.0,18.232299346223396
65536,4,wormhole_b0,riscv_0,187392,L1,multicast,one_to_all,True,False,False,4,0,14069.0,18.63273864524842
32,16,wormhole_b0,riscv_0,188416,L1,multicast,one_to_all,True,False,False,4,0,2940.0,0.17414965986394557
64,16,wormhole_b0,riscv_0,189440,L1,multicast,one_to_all,True,False,False,4,0,2957.0,0.34629692255664524
128,16,wormhole_b0,riscv_0,190464,L1,multicast,one_to_all,True,False,False,4,0,2990.0,0.6849498327759197
256,16,wormhole_b0,riscv_0,191488,L1,multicast,one_to_all,True,False,False,4,0,3067.0,1.335507010107597
512,16,wormhole_b0,riscv_0,192512,L1,multicast,one_to_all,True,False,False,4,0,3198.0,2.561601000625391
1024,16,wormhole_b0,riscv_0,193536,L1,multicast,one_to_all,True,False,False,4,0,3469.0,4.722974920726434
2048,16,wormhole_b0,riscv_0,194560,L1,multicast,one_to_all,True,False,False,4,0,4007.0,8.177689044172698
4096,16,wormhole_b0,riscv_0,195584,L1,multicast,one_to_all,True,False,False,4,0,5068.0,12.931333859510655
8192,16,wormhole_b0,riscv_0,196608,L1,multicast,one_to_all,True,False,False,4,0,7196.0,18.21456364647026
16384,16,wormhole_b0,riscv_0,197632,L1,multicast,one_to_all,True,False,False,4,0,14062.0,18.64201393827336
32768,16,wormhole_b0,riscv_0,198656,L1,multicast,one_to_all,True,False,False,4,0,28039.0,18.69852705160669
65536,16,wormhole_b0,riscv_0,199680,L1,multicast,one_to_all,True,False,False,4,0,55126.0,19.021441787904074
32,64,wormhole_b0,riscv_0,200704,L1,multicast,one_to_all,True,False,False,4,0,10957.0,0.1869124760427124
64,64,wormhole_b0,riscv_0,201728,L1,multicast,one_to_all,True,False,False,4,0,11032.0,0.37128353879622916
128,64,wormhole_b0,riscv_0,202752,L1,multicast,one_to_all,True,False,False,4,0,11150.0,0.7347085201793722
256,64,wormhole_b0,riscv_0,203776,L1,multicast,one_to_all,True,False,False,4,0,11413.0,1.4355559449750286
512,64,wormhole_b0,riscv_0,204800,L1,multicast,one_to_all,True,False,False,4,0,11939.0,2.744618477259402
1024,64,wormhole_b0,riscv_0,205824,L1,multicast,one_to_all,True,False,False,4,0,12996.0,5.042782394582948
2048,64,wormhole_b0,riscv_0,206848,L1,multicast,one_to_all,True,False,False,4,0,15112.0,8.673372154579143
4096,64,wormhole_b0,riscv_0,207872,L1,multicast,one_to_all,True,False,False,4,0,19317.0,13.570637262514884
8192,64,wormhole_b0,riscv_0,208896,L1,multicast,one_to_all,True,False,False,4,0,27979.0,18.738625397619643
16384,64,wormhole_b0,riscv_0,209920,L1,multicast,one_to_all,True,False,False,4,0,55161.0,19.009372563949167
32768,64,wormhole_b0,riscv_0,210944,L1,multicast,one_to_all,True,False,False,4,0,110032.0,19.059473607677766
65536,64,wormhole_b0,riscv_0,211968,L1,multicast,one_to_all,True,False,False,4,0,219626.0,19.097483904455757
32,256,wormhole_b0,riscv_0,212992,L1,multicast,one_to_all,True,False,False,4,0,43030.0,0.19037880548454567
64,256,wormhole_b0,riscv_0,214016,L1,multicast,one_to_all,True,False,False,4,0,43280.0,0.3785582255083179
128,256,wormhole_b0,riscv_0,215040,L1,multicast,one_to_all,True,False,False,4,0,43789.0,0.748315787069812
256,256,wormhole_b0,riscv_0,216064,L1,multicast,one_to_all,True,False,False,4,0,44827.0,1.4619760412251546
512,256,wormhole_b0,riscv_0,217088,L1,multicast,one_to_all,True,False,False,4,0,46909.0,2.7941759577053444
1024,256,wormhole_b0,riscv_0,218112,L1,multicast,one_to_all,True,False,False,4,0,51084.0,5.131626340928666
2048,256,wormhole_b0,riscv_0,219136,L1,multicast,one_to_all,True,False,False,4,0,59495.0,8.812303554920582
4096,256,wormhole_b0,riscv_0,220160,L1,multicast,one_to_all,True,False,False,4,0,76262.0,13.749652513702761
8192,256,wormhole_b0,riscv_0,221184,L1,multicast,one_to_all,True,False,False,4,0,110237.0,19.024030044358973
16384,256,wormhole_b0,riscv_0,222208,L1,multicast,one_to_all,True,False,False,4,0,219836.0,19.079240888662458
32768,256,wormhole_b0,riscv_0,223232,L1,multicast,one_to_all,True,False,False,4,0,440845.0,19.028474860778733
65536,256,wormhole_b0,riscv_0,224256,L1,multicast,one_to_all,True,False,False,4,0,874393.0,19.187271627288872
32,1,wormhole_b0,riscv_0,286720,L1,multicast_linked,one_to_all,True,False,False,4,0,448.0,0.07142857142857142
64,1,wormhole_b0,riscv_0,287744,L1,multicast_linked,one_to_all,True,False,False,4,0,449.0,0.14253897550111358
128,1,wormhole_b0,riscv_0,288768,L1,multicast_linked,one_to_all,True,False,False,4,0,448.0,0.2857142857142857
256,1,wormhole_b0,riscv_0,289792,L1,multicast_linked,one_to_all,True,False,False,4,0,460.0,0.5565217391304348
512,1,wormhole_b0,riscv_0,290816,L1,multicast_linked,one_to_all,True,False,False,4,0,464.0,1.103448275862069
1024,1,wormhole_b0,riscv_0,291840,L1,multicast_linked,one_to_all,True,False,False,4,0,489.0,2.094069529652352
2048,1,wormhole_b0,riscv_0,292864,L1,multicast_linked,one_to_all,True,False,False,4,0,530.0,3.8641509433962264
4096,1,wormhole_b0,riscv_0,293888,L1,multicast_linked,one_to_all,True,False,False,4,0,618.0,6.627831715210356
8192,1,wormhole_b0,riscv_0,294912,L1,multicast_linked,one_to_all,True,False,False,4,0,746.0,10.981233243967829
16384,1,wormhole_b0,riscv_0,295936,L1,multicast_linked,one_to_all,True,False,False,4,0,1207.0,13.574150787075393
32768,1,wormhole_b0,riscv_0,296960,L1,multicast_linked,one_to_all,True,False,False,4,0,2056.0,15.937743190661479
65536,1,wormhole_b0,riscv_0,297984,L1,multicast_linked,one_to_all,True,False,False,4,0,3799.0,17.25085548828639
32,4,wormhole_b0,riscv_0,299008,L1,multicast_linked,one_to_all,True,False,False,4,0,527.0,0.2428842504743833
64,4,wormhole_b0,riscv_0,300032,L1,multicast_linked,one_to_all,True,False,False,4,0,527.0,0.4857685009487666
128,4,wormhole_b0,riscv_0,301056,L1,multicast_linked,one_to_all,True,False,False,4,0,528.0,0.9696969696969697
256,4,wormhole_b0,riscv_0,302080,L1,multicast_linked,one_to_all,True,False,False,4,0,529.0,1.9357277882797732
512,4,wormhole_b0,riscv_0,303104,L1,multicast_linked,one_to_all,True,False,False,4,0,550.0,3.7236363636363636
1024,4,wormhole_b0,riscv_0,304128,L1,multicast_linked,one_to_all,True,False,False,4,0,608.0,6.7368421052631575
2048,4,wormhole_b0,riscv_0,305152,L1,multicast_linked,one_to_all,True,False,False,4,0,755.0,10.850331125827815
4096,4,wormhole_b0,riscv_0,306176,L1,multicast_linked,one_to_all,True,False,False,4,0,1018.0,16.094302554027504
8192,4,wormhole_b0,riscv_0,307200,L1,multicast_linked,one_to_all,True,False,False,4,0,1579.0,20.752374920835972
16384,4,wormhole_b0,riscv_0,308224,L1,multicast_linked,one_to_all,True,False,False,4,0,2801.0,23.397358086397716
32768,4,wormhole_b0,riscv_0,309248,L1,multicast_linked,one_to_all,True,False,False,4,0,5246.0,24.985131528783835
65536,4,wormhole_b0,riscv_0,310272,L1,multicast_linked,one_to_all,True,False,False,4,0,10144.0,25.842271293375394
32,16,wormhole_b0,riscv_0,311296,L1,multicast_linked,one_to_all,True,False,False,4,0,791.0,0.6472819216182049
64,16,wormhole_b0,riscv_0,312320,L1,multicast_linked,one_to_all,True,False,False,4,0,833.0,1.2292917166866746
128,16,wormhole_b0,riscv_0,313344,L1,multicast_linked,one_to_all,True,False,False,4,0,790.0,2.5924050632911393
256,16,wormhole_b0,riscv_0,314368,L1,multicast_linked,one_to_all,True,False,False,4,0,790.0,5.184810126582279
512,16,wormhole_b0,riscv_0,315392,L1,multicast_linked,one_to_all,True,False,False,4,0,805.0,10.17639751552795
1024,16,wormhole_b0,riscv_0,316416,L1,multicast_linked,one_to_all,True,False,False,4,0,1055.0,15.529857819905214
2048,16,wormhole_b0,riscv_0,317440,L1,multicast_linked,one_to_all,True,False,False,4,0,1607.0,20.39079029247044
4096,16,wormhole_b0,riscv_0,318464,L1,multicast_linked,one_to_all,True,False,False,4,0,2645.0,24.777315689981098
8192,16,wormhole_b0,riscv_0,319488,L1,multicast_linked,one_to_all,True,False,False,4,0,4774.0,27.45538332635107
16384,16,wormhole_b0,riscv_0,320512,L1,multicast_linked,one_to_all,True,False,False,4,0,9168.0,28.593368237347295
32768,16,wormhole_b0,riscv_0,321536,L1,multicast_linked,one_to_all,True,False,False,4,0,18107.0,28.95498978295687
65536,16,wormhole_b0,riscv_0,322560,L1,multicast_linked,one_to_all,True,False,False,4,0,35634.0,29.42627827355896
32,64,wormhole_b0,riscv_0,323584,L1,multicast_linked,one_to_all,True,False,False,4,0,1850.0,1.107027027027027
64,64,wormhole_b0,riscv_0,324608,L1,multicast_linked,one_to_all,True,False,False,4,0,1846.0,2.218851570964247
128,64,wormhole_b0,riscv_0,325632,L1,multicast_linked,one_to_all,True,False,False,4,0,1847.0,4.435300487276665
256,64,wormhole_b0,riscv_0,326656,L1,multicast_linked,one_to_all,True,False,False,4,0,1845.0,8.880216802168022
512,64,wormhole_b0,riscv_0,327680,L1,multicast_linked,one_to_all,True,False,False,4,0,1865.0,17.569973190348527
1024,64,wormhole_b0,riscv_0,328704,L1,multicast_linked,one_to_all,True,False,False,4,0,2694.0,24.326651818856718
2048,64,wormhole_b0,riscv_0,329728,L1,multicast_linked,one_to_all,True,False,False,4,0,4857.0,26.986205476631664
4096,64,wormhole_b0,riscv_0,330752,L1,multicast_linked,one_to_all,True,False,False,4,0,9033.0,29.020701870917748
8192,64,wormhole_b0,riscv_0,331776,L1,multicast_linked,one_to_all,True,False,False,4,0,17511.0,29.94049454628519
16384,64,wormhole_b0,riscv_0,332800,L1,multicast_linked,one_to_all,True,False,False,4,0,34614.0,30.29340729184723
32768,64,wormhole_b0,riscv_0,333824,L1,multicast_linked,one_to_all,True,False,False,4,0,68910.0,30.433202728196196
65536,64,wormhole_b0,riscv_0,334848,L1,multicast_linked,one_to_all,True,False,False,4,0,137439.0,30.517567793712118
32,256,wormhole_b0,riscv_0,335872,L1,multicast_linked,one_to_all,True,False,False,4,0,6072.0,1.3491436100131753
64,256,wormhole_b0,riscv_0,336896,L1,multicast_linked,one_to_all,True,False,False,4,0,7073.0,2.3164145341439277
128,256,wormhole_b0,riscv_0,337920,L1,multicast_linked,one_to_all,True,False,False,4,0,6071.0,5.397463350354142
256,256,wormhole_b0,riscv_0,338944,L1,multicast_linked,one_to_all,True,False,False,4,0,6073.0,10.791371644986004
512,256,wormhole_b0,riscv_0,339968,L1,multicast_linked,one_to_all,True,False,False,4,0,6086.0,21.536641472231352
1024,256,wormhole_b0,riscv_0,340992,L1,multicast_linked,one_to_all,True,False,False,4,0,9293.0,28.208759281179383
2048,256,wormhole_b0,riscv_0,342016,L1,multicast_linked,one_to_all,True,False,False,4,0,17754.0,29.530697307648982
4096,256,wormhole_b0,riscv_0,343040,L1,multicast_linked,one_to_all,True,False,False,4,0,34646.0,30.265427466374184
8192,256,wormhole_b0,riscv_0,344064,L1,multicast_linked,one_to_all,True,False,False,4,0,68636.0,30.554694329506383
16384,256,wormhole_b0,riscv_0,345088,L1,multicast_linked,one_to_all,True,False,False,4,0,136143.0,30.808076801598318
32768,256,wormhole_b0,riscv_0,346112,L1,multicast_linked,one_to_all,True,False,False,4,0,274426.0,30.56783249400567
65536,256,wormhole_b0,riscv_0,347136,L1,multicast_linked,one_to_all,True,False,False,4,0,544017.0,30.839506853646117
32,9,wormhole_b0,riscv_0,348160,L1,unicast,one_to_all,True,False,False,9,0,594.0,0.48484848484848486
64,9,wormhole_b0,riscv_0,349184,L1,unicast,one_to_all,True,False,False,9,0,594.0,0.9696969696969697
128,9,wormhole_b0,riscv_0,350208,L1,unicast,one_to_all,True,False,False,9,0,602.0,1.9136212624584719
256,9,wormhole_b0,riscv_0,351232,L1,unicast,one_to_all,True,False,False,9,0,602.0,3.8272425249169437
512,9,wormhole_b0,riscv_0,352256,L1,unicast,one_to_all,True,False,False,9,0,612.0,7.529411764705882
1024,9,wormhole_b0,riscv_0,353280,L1,unicast,one_to_all,True,False,False,9,0,645.0,14.288372093023256
2048,9,wormhole_b0,riscv_0,354304,L1,unicast,one_to_all,True,False,False,9,0,952.0,19.361344537815125
4096,9,wormhole_b0,riscv_0,355328,L1,unicast,one_to_all,True,False,False,9,0,1549.0,23.798579728857327
8192,9,wormhole_b0,riscv_0,356352,L1,unicast,one_to_all,True,False,False,9,0,2767.0,26.64546440187929
16384,9,wormhole_b0,riscv_0,357376,L1,unicast,one_to_all,True,False,False,9,0,5106.0,28.878965922444184
32768,9,wormhole_b0,riscv_0,358400,L1,unicast,one_to_all,True,False,False,9,0,9804.0,30.08078335373317
65536,9,wormhole_b0,riscv_0,359424,L1,unicast,one_to_all,True,False,False,9,0,19209.0,30.70560674683742
32,36,wormhole_b0,riscv_0,360448,L1,unicast,one_to_all,True,False,False,9,0,1244.0,0.9260450160771704
64,36,wormhole_b0,riscv_0,361472,L1,unicast,one_to_all,True,False,False,9,0,1243.0,1.8535800482703138
128,36,wormhole_b0,riscv_0,362496,L1,unicast,one_to_all,True,False,False,9,0,1244.0,3.7041800643086815
256,36,wormhole_b0,riscv_0,363520,L1,unicast,one_to_all,True,False,False,9,0,1244.0,7.408360128617363
512,36,wormhole_b0,riscv_0,364544,L1,unicast,one_to_all,True,False,False,9,0,1259.0,14.640190627482129
1024,36,wormhole_b0,riscv_0,365568,L1,unicast,one_to_all,True,False,False,9,0,1594.0,23.1267252195734
2048,36,wormhole_b0,riscv_0,366592,L1,unicast,one_to_all,True,False,False,9,0,2760.0,26.713043478260868
4096,36,wormhole_b0,riscv_0,367616,L1,unicast,one_to_all,True,False,False,9,0,5098.0,28.924284032954098
8192,36,wormhole_b0,riscv_0,368640,L1,unicast,one_to_all,True,False,False,9,0,9817.0,30.040949373535703
16384,36,wormhole_b0,riscv_0,369664,L1,unicast,one_to_all,True,False,False,9,0,19244.0,30.649760964456455
32768,36,wormhole_b0,riscv_0,370688,L1,unicast,one_to_all,True,False,False,9,0,38158.0,30.914827821164632
65536,36,wormhole_b0,riscv_0,371712,L1,unicast,one_to_all,True,False,False,9,0,75790.0,31.129383823723447
32,144,wormhole_b0,riscv_0,372736,L1,unicast,one_to_all,True,False,False,9,0,3633.0,1.268373245251858
64,144,wormhole_b0,riscv_0,373760,L1,unicast,one_to_all,True,False,False,9,0,3628.0,2.5402425578831314
128,144,wormhole_b0,riscv_0,374784,L1,unicast,one_to_all,True,False,False,9,0,3629.0,5.079085147423533
256,144,wormhole_b0,riscv_0,375808,L1,unicast,one_to_all,True,False,False,9,0,3637.0,10.135826230409679
512,144,wormhole_b0,riscv_0,376832,L1,unicast,one_to_all,True,False,False,9,0,3640.0,20.254945054945054
1024,144,wormhole_b0,riscv_0,377856,L1,unicast,one_to_all,True,False,False,9,0,5215.0,28.27535953978907
2048,144,wormhole_b0,riscv_0,378880,L1,unicast,one_to_all,True,False,False,9,0,9912.0,29.753026634382568
4096,144,wormhole_b0,riscv_0,379904,L1,unicast,one_to_all,True,False,False,9,0,19238.0,30.659320095644038
8192,144,wormhole_b0,riscv_0,380928,L1,unicast,one_to_all,True,False,False,9,0,38114.0,30.95051687044131
16384,144,wormhole_b0,riscv_0,381952,L1,unicast,one_to_all,True,False,False,9,0,75768.0,31.1384225530567
32768,144,wormhole_b0,riscv_0,382976,L1,unicast,one_to_all,True,False,False,9,0,151179.0,31.211954041235884
65536,144,wormhole_b0,riscv_0,384000,L1,unicast,one_to_all,True,False,False,9,0,301832.0,31.266346841951815
32,576,wormhole_b0,riscv_0,385024,L1,unicast,one_to_all,True,False,False,9,0,13180.0,1.398482549317147
64,576,wormhole_b0,riscv_0,386048,L1,unicast,one_to_all,True,False,False,9,0,13181.0,2.7967529019042563
128,576,wormhole_b0,riscv_0,387072,L1,unicast,one_to_all,True,False,False,9,0,13183.0,5.592657210043238
256,576,wormhole_b0,riscv_0,388096,L1,unicast,one_to_all,True,False,False,9,0,13208.0,11.164142943670504
512,576,wormhole_b0,riscv_0,389120,L1,unicast,one_to_all,True,False,False,9,0,15462.0,19.073341094295692
1024,576,wormhole_b0,riscv_0,390144,L1,unicast,one_to_all,True,False,False,9,0,19758.0,29.852414211964774
2048,576,wormhole_b0,riscv_0,391168,L1,unicast,one_to_all,True,False,False,9,0,38354.0,30.75684413620483
4096,576,wormhole_b0,riscv_0,392192,L1,unicast,one_to_all,True,False,False,9,0,75840.0,31.10886075949367
8192,576,wormhole_b0,riscv_0,393216,L1,unicast,one_to_all,True,False,False,9,0,151203.0,31.206999861113868
16384,576,wormhole_b0,riscv_0,394240,L1,unicast,one_to_all,True,False,False,9,0,301881.0,31.261271825653154
32768,576,wormhole_b0,riscv_0,395264,L1,unicast,one_to_all,True,False,False,9,0,605198.0,31.187095793442808
65536,576,wormhole_b0,riscv_0,396288,L1,unicast,one_to_all,True,False,False,9,0,1206129.0,31.297428384526032
32,2304,wormhole_b0,riscv_0,397312,L1,unicast,one_to_all,True,False,False,9,0,51394.0,1.4345643460326107
64,2304,wormhole_b0,riscv_0,398336,L1,unicast,one_to_all,True,False,False,9,0,51389.0,2.8694078499289732
128,2304,wormhole_b0,riscv_0,399360,L1,unicast,one_to_all,True,False,False,9,0,51390.0,5.738704028021016
256,2304,wormhole_b0,riscv_0,400384,L1,unicast,one_to_all,True,False,False,9,0,51400.0,11.475175097276265
512,2304,wormhole_b0,riscv_0,401408,L1,unicast,one_to_all,True,False,False,9,0,51428.0,22.937854865054057
1024,2304,wormhole_b0,riscv_0,402432,L1,unicast,one_to_all,True,False,False,9,0,78100.0,30.20865556978233
2048,2304,wormhole_b0,riscv_0,403456,L1,unicast,one_to_all,True,False,False,9,0,152527.0,30.93610967238587
4096,2304,wormhole_b0,riscv_0,404480,L1,unicast,one_to_all,True,False,False,9,0,302217.0,31.22651604641698
8192,2304,wormhole_b0,riscv_0,405504,L1,unicast,one_to_all,True,False,False,9,0,603673.0,31.265880700312916
16384,2304,wormhole_b0,riscv_0,406528,L1,unicast,one_to_all,True,False,False,9,0,1206641.0,31.28414830923199
32768,2304,wormhole_b0,riscv_0,407552,L1,unicast,one_to_all,True,False,False,9,0,2412364.0,31.296053166105946
65536,2304,wormhole_b0,riscv_0,408576,L1,unicast,one_to_all,True,False,False,9,0,4824486.0,31.297623000667844
32,9,wormhole_b0,riscv_0,409600,L1,unicast,one_to_all,True,True,False,9,0,661.0,0.4357034795763994
64,9,wormhole_b0,riscv_0,410624,L1,unicast,one_to_all,True,True,False,9,0,661.0,0.8714069591527988
128,9,wormhole_b0,riscv_0,411648,L1,unicast,one_to_all,True,True,False,9,0,665.0,1.7323308270676692
256,9,wormhole_b0,riscv_0,412672,L1,unicast,one_to_all,True,True,False,9,0,673.0,3.4234769687964337
512,9,wormhole_b0,riscv_0,413696,L1,unicast,one_to_all,True,True,False,9,0,682.0,6.756598240469208
1024,9,wormhole_b0,riscv_0,414720,L1,unicast,one_to_all,True,True,False,9,0,697.0,13.222381635581062
2048,9,wormhole_b0,riscv_0,415744,L1,unicast,one_to_all,True,True,False,9,0,956.0,19.280334728033473
4096,9,wormhole_b0,riscv_0,416768,L1,unicast,one_to_all,True,True,False,9,0,1573.0,23.435473617291798
32,36,wormhole_b0,riscv_0,417792,L1,unicast,one_to_all,True,True,False,9,0,1269.0,0.9078014184397163
64,36,wormhole_b0,riscv_0,418816,L1,unicast,one_to_all,True,True,False,9,0,1268.0,1.8170347003154574
128,36,wormhole_b0,riscv_0,419840,L1,unicast,one_to_all,True,True,False,9,0,1268.0,3.634069400630915
256,36,wormhole_b0,riscv_0,420864,L1,unicast,one_to_all,True,True,False,9,0,1275.0,7.228235294117647
512,36,wormhole_b0,riscv_0,421888,L1,unicast,one_to_all,True,True,False,9,0,1308.0,14.091743119266056
1024,36,wormhole_b0,riscv_0,422912,L1,unicast,one_to_all,True,True,False,9,0,1625.0,22.68553846153846
2048,36,wormhole_b0,riscv_0,423936,L1,unicast,one_to_all,True,True,False,9,0,2794.0,26.387974230493917
4096,36,wormhole_b0,riscv_0,424960,L1,unicast,one_to_all,True,True,False,9,0,5108.0,28.867658574784652
32,144,wormhole_b0,riscv_0,425984,L1,unicast,one_to_all,True,True,False,9,0,3425.0,1.3454014598540145
64,144,wormhole_b0,riscv_0,427008,L1,unicast,one_to_all,True,True,False,9,0,3431.0,2.686097347712037
128,144,wormhole_b0,riscv_0,428032,L1,unicast,one_to_all,True,True,False,9,0,3458.0,5.3302486986697515
256,144,wormhole_b0,riscv_0,429056,L1,unicast,one_to_all,True,True,False,9,0,3467.0,10.632823766945487
512,144,wormhole_b0,riscv_0,430080,L1,unicast,one_to_all,True,True,False,9,0,3445.0,21.40145137880987
1024,144,wormhole_b0,riscv_0,431104,L1,unicast,one_to_all,True,True,False,9,0,5266.0,28.001519179642994
2048,144,wormhole_b0,riscv_0,432128,L1,unicast,one_to_all,True,True,False,9,0,9879.0,29.852414211964774
4096,144,wormhole_b0,riscv_0,433152,L1,unicast,one_to_all,True,True,False,9,0,19261.0,30.622709101292767
32,576,wormhole_b0,riscv_0,434176,L1,unicast,one_to_all,True,True,False,9,0,12084.0,1.5253227408143
64,576,wormhole_b0,riscv_0,435200,L1,unicast,one_to_all,True,True,False,9,0,12071.0,3.053930908789661
128,576,wormhole_b0,riscv_0,436224,L1,unicast,one_to_all,True,True,False,9,0,12084.0,6.1012909632572
256,576,wormhole_b0,riscv_0,437248,L1,unicast,one_to_all,True,True,False,9,0,12071.0,12.215723635158644
512,576,wormhole_b0,riscv_0,438272,L1,unicast,one_to_all,True,True,False,9,0,12079.0,24.415266164417584
1024,576,wormhole_b0,riscv_0,439296,L1,unicast,one_to_all,True,True,False,9,0,19722.0,29.906905993306967
2048,576,wormhole_b0,riscv_0,440320,L1,unicast,one_to_all,True,True,False,9,0,38338.0,30.769680212843653
4096,576,wormhole_b0,riscv_0,441344,L1,unicast,one_to_all,True,True,False,9,0,75791.0,31.128973097069572
32,2304,wormhole_b0,riscv_0,442368,L1,unicast,one_to_all,True,True,False,9,0,46630.0,1.581128029165773
64,2304,wormhole_b0,riscv_0,443392,L1,unicast,one_to_all,True,True,False,9,0,46644.0,3.161306920504245
128,2304,wormhole_b0,riscv_0,444416,L1,unicast,one_to_all,True,True,False,9,0,46632.0,6.324240864642306
256,2304,wormhole_b0,riscv_0,445440,L1,unicast,one_to_all,True,True,False,9,0,46662.0,12.64034974926064
512,2304,wormhole_b0,riscv_0,446464,L1,unicast,one_to_all,True,True,False,9,0,46639.0,25.29316666309312
1024,2304,wormhole_b0,riscv_0,447488,L1,unicast,one_to_all,True,True,False,9,0,78027.0,30.236917989926564
2048,2304,wormhole_b0,riscv_0,448512,L1,unicast,one_to_all,True,True,False,9,0,152187.0,31.00522383646435
4096,2304,wormhole_b0,riscv_0,449536,L1,unicast,one_to_all,True,True,False,9,0,302131.0,31.23540450996422
32,1,wormhole_b0,riscv_0,512000,L1,multicast,one_to_all,True,False,False,9,0,467.0,0.06852248394004283
64,1,wormhole_b0,riscv_0,513024,L1,multicast,one_to_all,True,False,False,9,0,466.0,0.13733905579399142
128,1,wormhole_b0,riscv_0,514048,L1,multicast,one_to_all,True,False,False,9,0,467.0,0.2740899357601713
256,1,wormhole_b0,riscv_0,515072,L1,multicast,one_to_all,True,False,False,9,0,474.0,0.540084388185654
512,1,wormhole_b0,riscv_0,516096,L1,multicast,one_to_all,True,False,False,9,0,482.0,1.062240663900415
1024,1,wormhole_b0,riscv_0,517120,L1,multicast,one_to_all,True,False,False,9,0,508.0,2.015748031496063
2048,1,wormhole_b0,riscv_0,518144,L1,multicast,one_to_all,True,False,False,9,0,554.0,3.696750902527076
4096,1,wormhole_b0,riscv_0,519168,L1,multicast,one_to_all,True,False,False,9,0,636.0,6.440251572327044
8192,1,wormhole_b0,riscv_0,520192,L1,multicast,one_to_all,True,False,False,9,0,770.0,10.638961038961039
16384,1,wormhole_b0,riscv_0,521216,L1,multicast,one_to_all,True,False,False,9,0,1258.0,13.023847376788554
32768,1,wormhole_b0,riscv_0,522240,L1,multicast,one_to_all,True,False,False,9,0,2159.0,15.17739694302918
65536,1,wormhole_b0,riscv_0,523264,L1,multicast,one_to_all,True,False,False,9,0,3936.0,16.650406504065042
32,4,wormhole_b0,riscv_0,524288,L1,multicast,one_to_all,True,False,False,9,0,999.0,0.12812812812812813
64,4,wormhole_b0,riscv_0,525312,L1,multicast,one_to_all,True,False,False,9,0,1004.0,0.2549800796812749
128,4,wormhole_b0,riscv_0,526336,L1,multicast,one_to_all,True,False,False,9,0,1015.0,0.5044334975369458
256,4,wormhole_b0,riscv_0,527360,L1,multicast,one_to_all,True,False,False,9,0,1036.0,0.9884169884169884
512,4,wormhole_b0,riscv_0,528384,L1,multicast,one_to_all,True,False,False,9,0,1077.0,1.9015784586815228
1024,4,wormhole_b0,riscv_0,529408,L1,multicast,one_to_all,True,False,False,9,0,1149.0,3.5648389904264577
2048,4,wormhole_b0,riscv_0,530432,L1,multicast,one_to_all,True,False,False,9,0,1307.0,6.26778882938026
4096,4,wormhole_b0,riscv_0,531456,L1,multicast,one_to_all,True,False,False,9,0,1573.0,10.415766052129689
8192,4,wormhole_b0,riscv_0,532480,L1,multicast,one_to_all,True,False,False,9,0,2157.0,15.191469633750579
16384,4,wormhole_b0,riscv_0,533504,L1,multicast,one_to_all,True,False,False,9,0,3934.0,16.658871377732588
32768,4,wormhole_b0,riscv_0,534528,L1,multicast,one_to_all,True,False,False,9,0,7542.0,17.37894457703527
65536,4,wormhole_b0,riscv_0,535552,L1,multicast,one_to_all,True,False,False,9,0,14656.0,17.88646288209607
32,16,wormhole_b0,riscv_0,536576,L1,multicast,one_to_all,True,False,False,9,0,3173.0,0.16136148755121335
64,16,wormhole_b0,riscv_0,537600,L1,multicast,one_to_all,True,False,False,9,0,3193.0,0.3207015346069527
128,16,wormhole_b0,riscv_0,538624,L1,multicast,one_to_all,True,False,False,9,0,3221.0,0.6358273828003725
256,16,wormhole_b0,riscv_0,539648,L1,multicast,one_to_all,True,False,False,9,0,3292.0,1.244228432563791
512,16,wormhole_b0,riscv_0,540672,L1,multicast,one_to_all,True,False,False,9,0,3435.0,2.3848617176128095
1024,16,wormhole_b0,riscv_0,541696,L1,multicast,one_to_all,True,False,False,9,0,3717.0,4.407855797686306
2048,16,wormhole_b0,riscv_0,542720,L1,multicast,one_to_all,True,False,False,9,0,4265.0,7.6830011723329426
4096,16,wormhole_b0,riscv_0,543744,L1,multicast,one_to_all,True,False,False,9,0,5340.0,12.272659176029963
8192,16,wormhole_b0,riscv_0,544768,L1,multicast,one_to_all,True,False,False,9,0,7564.0,17.32839767318879
16384,16,wormhole_b0,riscv_0,545792,L1,multicast,one_to_all,True,False,False,9,0,14648.0,17.89623156744948
32768,16,wormhole_b0,riscv_0,546816,L1,multicast,one_to_all,True,False,False,9,0,28935.0,18.119509244859167
65536,16,wormhole_b0,riscv_0,547840,L1,multicast,one_to_all,True,False,False,9,0,57502.0,18.23547007060624
32,64,wormhole_b0,riscv_0,548864,L1,multicast,one_to_all,True,False,False,9,0,11862.0,0.17265216658236385
64,64,wormhole_b0,riscv_0,549888,L1,multicast,one_to_all,True,False,False,9,0,11927.0,0.3434224867946676
128,64,wormhole_b0,riscv_0,550912,L1,multicast,one_to_all,True,False,False,9,0,12053.0,0.679664813739318
256,64,wormhole_b0,riscv_0,551936,L1,multicast,one_to_all,True,False,False,9,0,12317.0,1.3301940407566777
512,64,wormhole_b0,riscv_0,552960,L1,multicast,one_to_all,True,False,False,9,0,12838.0,2.5524224957158435
1024,64,wormhole_b0,riscv_0,553984,L1,multicast,one_to_all,True,False,False,9,0,13926.0,4.706017521183398
2048,64,wormhole_b0,riscv_0,555008,L1,multicast,one_to_all,True,False,False,9,0,16104.0,8.139095876800795
4096,64,wormhole_b0,riscv_0,556032,L1,multicast,one_to_all,True,False,False,9,0,20411.0,12.843270785360835
8192,64,wormhole_b0,riscv_0,557056,L1,multicast,one_to_all,True,False,False,9,0,28991.0,18.084508985547238
16384,64,wormhole_b0,riscv_0,558080,L1,multicast,one_to_all,True,False,False,9,0,57516.0,18.23103136518534
32768,64,wormhole_b0,riscv_0,559104,L1,multicast,one_to_all,True,False,False,9,0,115112.0,18.21836124817569
65536,64,wormhole_b0,riscv_0,560128,L1,multicast,one_to_all,True,False,False,9,0,228892.0,18.3243800569701
32,256,wormhole_b0,riscv_0,561152,L1,multicast,one_to_all,True,False,False,9,0,46616.0,0.17573365368113952
64,256,wormhole_b0,riscv_0,562176,L1,multicast,one_to_all,True,False,False,9,0,46869.0,0.3495700783033562
128,256,wormhole_b0,riscv_0,563200,L1,multicast,one_to_all,True,False,False,9,0,47381.0,0.6915852345877039
256,256,wormhole_b0,riscv_0,564224,L1,multicast,one_to_all,True,False,False,9,0,48413.0,1.3536859934315164
512,256,wormhole_b0,riscv_0,565248,L1,multicast,one_to_all,True,False,False,9,0,50483.0,2.5963591704138027
1024,256,wormhole_b0,riscv_0,566272,L1,multicast,one_to_all,True,False,False,9,0,54781.0,4.785308774940217
2048,256,wormhole_b0,riscv_0,567296,L1,multicast,one_to_all,True,False,False,9,0,63542.0,8.25104655188694
4096,256,wormhole_b0,riscv_0,568320,L1,multicast,one_to_all,True,False,False,9,0,80501.0,13.025627010844586
8192,256,wormhole_b0,riscv_0,569344,L1,multicast,one_to_all,True,False,False,9,0,115349.0,18.18092918014027
16384,256,wormhole_b0,riscv_0,570368,L1,multicast,one_to_all,True,False,False,9,0,228845.0,18.328143503244554
32768,256,wormhole_b0,riscv_0,571392,L1,multicast,one_to_all,True,False,False,9,0,457454.0,18.337598971699887
65536,256,wormhole_b0,riscv_0,572416,L1,multicast,one_to_all,True,False,False,9,0,914097.0,18.353868353139767
32,1,wormhole_b0,riscv_0,634880,L1,multicast_linked,one_to_all,True,False,False,9,0,465.0,0.06881720430107527
64,1,wormhole_b0,riscv_0,635904,L1,multicast_linked,one_to_all,True,False,False,9,0,466.0,0.13733905579399142
128,1,wormhole_b0,riscv_0,636928,L1,multicast_linked,one_to_all,True,False,False,9,0,466.0,0.27467811158798283
256,1,wormhole_b0,riscv_0,637952,L1,multicast_linked,one_to_all,True,False,False,9,0,470.0,0.5446808510638298
512,1,wormhole_b0,riscv_0,638976,L1,multicast_linked,one_to_all,True,False,False,9,0,483.0,1.060041407867495
1024,1,wormhole_b0,riscv_0,640000,L1,multicast_linked,one_to_all,True,False,False,9,0,506.0,2.0237154150197627
2048,1,wormhole_b0,riscv_0,641024,L1,multicast_linked,one_to_all,True,False,False,9,0,555.0,3.69009009009009
4096,1,wormhole_b0,riscv_0,642048,L1,multicast_linked,one_to_all,True,False,False,9,0,627.0,6.532695374800638
8192,1,wormhole_b0,riscv_0,643072,L1,multicast_linked,one_to_all,True,False,False,9,0,780.0,10.502564102564103
16384,1,wormhole_b0,riscv_0,644096,L1,multicast_linked,one_to_all,True,False,False,9,0,1258.0,13.023847376788554
32768,1,wormhole_b0,riscv_0,645120,L1,multicast_linked,one_to_all,True,False,False,9,0,2159.0,15.17739694302918
65536,1,wormhole_b0,riscv_0,646144,L1,multicast_linked,one_to_all,True,False,False,9,0,3933.0,16.66310704296974
32,4,wormhole_b0,riscv_0,647168,L1,multicast_linked,one_to_all,True,False,False,9,0,537.0,0.2383612662942272
64,4,wormhole_b0,riscv_0,648192,L1,multicast_linked,one_to_all,True,False,False,9,0,536.0,0.47761194029850745
128,4,wormhole_b0,riscv_0,649216,L1,multicast_linked,one_to_all,True,False,False,9,0,535.0,0.9570093457943926
256,4,wormhole_b0,riscv_0,650240,L1,multicast_linked,one_to_all,True,False,False,9,0,544.0,1.8823529411764706
512,4,wormhole_b0,riscv_0,651264,L1,multicast_linked,one_to_all,True,False,False,9,0,561.0,3.6506238859180034
1024,4,wormhole_b0,riscv_0,652288,L1,multicast_linked,one_to_all,True,False,False,9,0,631.0,6.491283676703645
2048,4,wormhole_b0,riscv_0,653312,L1,multicast_linked,one_to_all,True,False,False,9,0,786.0,10.422391857506362
4096,4,wormhole_b0,riscv_0,654336,L1,multicast_linked,one_to_all,True,False,False,9,0,1064.0,15.398496240601503
8192,4,wormhole_b0,riscv_0,655360,L1,multicast_linked,one_to_all,True,False,False,9,0,1625.0,20.164923076923078
16384,4,wormhole_b0,riscv_0,656384,L1,multicast_linked,one_to_all,True,False,False,9,0,2874.0,22.803061934585944
32768,4,wormhole_b0,riscv_0,657408,L1,multicast_linked,one_to_all,True,False,False,9,0,5402.0,24.26360607182525
65536,4,wormhole_b0,riscv_0,658432,L1,multicast_linked,one_to_all,True,False,False,9,0,10362.0,25.298591005597373
32,16,wormhole_b0,riscv_0,659456,L1,multicast_linked,one_to_all,True,False,False,9,0,849.0,0.6030624263839811
64,16,wormhole_b0,riscv_0,660480,L1,multicast_linked,one_to_all,True,False,False,9,0,799.0,1.281602002503129
128,16,wormhole_b0,riscv_0,661504,L1,multicast_linked,one_to_all,True,False,False,9,0,801.0,2.5568039950062422
256,16,wormhole_b0,riscv_0,662528,L1,multicast_linked,one_to_all,True,False,False,9,0,819.0,5.001221001221001
512,16,wormhole_b0,riscv_0,663552,L1,multicast_linked,one_to_all,True,False,False,9,0,826.0,9.91767554479419
1024,16,wormhole_b0,riscv_0,664576,L1,multicast_linked,one_to_all,True,False,False,9,0,1083.0,15.128347183748845
2048,16,wormhole_b0,riscv_0,665600,L1,multicast_linked,one_to_all,True,False,False,9,0,1646.0,19.907654921020654
4096,16,wormhole_b0,riscv_0,666624,L1,multicast_linked,one_to_all,True,False,False,9,0,2702.0,24.25462620281273
8192,16,wormhole_b0,riscv_0,667648,L1,multicast_linked,one_to_all,True,False,False,9,0,4825.0,27.16518134715026
16384,16,wormhole_b0,riscv_0,668672,L1,multicast_linked,one_to_all,True,False,False,9,0,9314.0,28.145157826927207
32768,16,wormhole_b0,riscv_0,669696,L1,multicast_linked,one_to_all,True,False,False,9,0,18238.0,28.747011733742735
65536,16,wormhole_b0,riscv_0,670720,L1,multicast_linked,one_to_all,True,False,False,9,0,36107.0,29.040795413631706
32,64,wormhole_b0,riscv_0,671744,L1,multicast_linked,one_to_all,True,False,False,9,0,1856.0,1.103448275862069
64,64,wormhole_b0,riscv_0,672768,L1,multicast_linked,one_to_all,True,False,False,9,0,1859.0,2.2033351264120493
128,64,wormhole_b0,riscv_0,673792,L1,multicast_linked,one_to_all,True,False,False,9,0,1856.0,4.413793103448276
256,64,wormhole_b0,riscv_0,674816,L1,multicast_linked,one_to_all,True,False,False,9,0,1875.0,8.738133333333334
512,64,wormhole_b0,riscv_0,675840,L1,multicast_linked,one_to_all,True,False,False,9,0,1882.0,17.41126461211477
1024,64,wormhole_b0,riscv_0,676864,L1,multicast_linked,one_to_all,True,False,False,9,0,2823.0,23.215019482819695
2048,64,wormhole_b0,riscv_0,677888,L1,multicast_linked,one_to_all,True,False,False,9,0,4967.0,26.38856452587075
4096,64,wormhole_b0,riscv_0,678912,L1,multicast_linked,one_to_all,True,False,False,9,0,9186.0,28.53733942956673
8192,64,wormhole_b0,riscv_0,679936,L1,multicast_linked,one_to_all,True,False,False,9,0,17750.0,29.537352112676057
16384,64,wormhole_b0,riscv_0,680960,L1,multicast_linked,one_to_all,True,False,False,9,0,35041.0,29.92426015239291
32768,64,wormhole_b0,riscv_0,681984,L1,multicast_linked,one_to_all,True,False,False,9,0,70160.0,29.890992018244013
65536,64,wormhole_b0,riscv_0,683008,L1,multicast_linked,one_to_all,True,False,False,9,0,138960.0,30.183534830166955
32,256,wormhole_b0,riscv_0,684032,L1,multicast_linked,one_to_all,True,False,False,9,0,6081.0,1.3471468508469002
64,256,wormhole_b0,riscv_0,685056,L1,multicast_linked,one_to_all,True,False,False,9,0,6080.0,2.694736842105263
128,256,wormhole_b0,riscv_0,686080,L1,multicast_linked,one_to_all,True,False,False,9,0,6080.0,5.389473684210526
256,256,wormhole_b0,riscv_0,687104,L1,multicast_linked,one_to_all,True,False,False,9,0,6091.0,10.759481201773108
512,256,wormhole_b0,riscv_0,688128,L1,multicast_linked,one_to_all,True,False,False,9,0,6103.0,21.476650827461903
1024,256,wormhole_b0,riscv_0,689152,L1,multicast_linked,one_to_all,True,False,False,9,0,9683.0,27.072601466487658
2048,256,wormhole_b0,riscv_0,690176,L1,multicast_linked,one_to_all,True,False,False,9,0,18230.0,28.759626988480527
4096,256,wormhole_b0,riscv_0,691200,L1,multicast_linked,one_to_all,True,False,False,9,0,35163.0,29.820436254017007
8192,256,wormhole_b0,riscv_0,692224,L1,multicast_linked,one_to_all,True,False,False,9,0,69297.0,30.263243719064317
16384,256,wormhole_b0,riscv_0,693248,L1,multicast_linked,one_to_all,True,False,False,9,0,137952.0,30.404082579447923
32768,256,wormhole_b0,riscv_0,694272,L1,multicast_linked,one_to_all,True,False,False,9,0,275887.0,30.40595606172092
65536,256,wormhole_b0,riscv_0,695296,L1,multicast_linked,one_to_all,True,False,False,9,0,550603.0,30.470622208742054
32,25,wormhole_b0,riscv_0,696320,L1,unicast,one_to_all,True,False,False,25,0,1180.0,0.6779661016949152
64,25,wormhole_b0,riscv_0,697344,L1,unicast,one_to_all,True,False,False,25,0,1236.0,1.2944983818770226
128,25,wormhole_b0,riscv_0,698368,L1,unicast,one_to_all,True,False,False,25,0,1182.0,2.707275803722504
256,25,wormhole_b0,riscv_0,699392,L1,unicast,one_to_all,True,False,False,25,0,1165.0,5.493562231759657
512,25,wormhole_b0,riscv_0,700416,L1,unicast,one_to_all,True,False,False,25,0,1171.0,10.930828351836038
1024,25,wormhole_b0,riscv_0,701440,L1,unicast,one_to_all,True,False,False,25,0,1191.0,21.49454240134341
2048,25,wormhole_b0,riscv_0,702464,L1,unicast,one_to_all,True,False,False,25,0,2024.0,25.296442687747035
4096,25,wormhole_b0,riscv_0,703488,L1,unicast,one_to_all,True,False,False,25,0,3656.0,28.00875273522976
8192,25,wormhole_b0,riscv_0,704512,L1,unicast,one_to_all,True,False,False,25,0,6950.0,29.467625899280577
16384,25,wormhole_b0,riscv_0,705536,L1,unicast,one_to_all,True,False,False,25,0,13494.0,30.354231510300874
32768,25,wormhole_b0,riscv_0,706560,L1,unicast,one_to_all,True,False,False,25,0,26629.0,30.76345337789628
65536,25,wormhole_b0,riscv_0,707584,L1,unicast,one_to_all,True,False,False,25,0,52767.0,31.049709098489586
32,100,wormhole_b0,riscv_0,708608,L1,unicast,one_to_all,True,False,False,25,0,2953.0,1.0836437521164917
64,100,wormhole_b0,riscv_0,709632,L1,unicast,one_to_all,True,False,False,25,0,2955.0,2.1658206429780034
128,100,wormhole_b0,riscv_0,710656,L1,unicast,one_to_all,True,False,False,25,0,2958.0,4.3272481406355645
256,100,wormhole_b0,riscv_0,711680,L1,unicast,one_to_all,True,False,False,25,0,2953.0,8.669150016931933
512,100,wormhole_b0,riscv_0,712704,L1,unicast,one_to_all,True,False,False,25,0,2971.0,17.23325479636486
1024,100,wormhole_b0,riscv_0,713728,L1,unicast,one_to_all,True,False,False,25,0,3735.0,27.416331994645248
2048,100,wormhole_b0,riscv_0,714752,L1,unicast,one_to_all,True,False,False,25,0,7005.0,29.236259814418272
4096,100,wormhole_b0,riscv_0,715776,L1,unicast,one_to_all,True,False,False,25,0,13513.0,30.31155183896988
8192,100,wormhole_b0,riscv_0,716800,L1,unicast,one_to_all,True,False,False,25,0,26590.0,30.808574652124857
16384,100,wormhole_b0,riscv_0,717824,L1,unicast,one_to_all,True,False,False,25,0,52739.0,31.066193898253665
32768,100,wormhole_b0,riscv_0,718848,L1,unicast,one_to_all,True,False,False,25,0,105179.0,31.15450802916932
65536,100,wormhole_b0,riscv_0,719872,L1,unicast,one_to_all,True,False,False,25,0,209761.0,31.24317675831065
32,400,wormhole_b0,riscv_0,720896,L1,unicast,one_to_all,True,False,False,25,0,9569.0,1.3376528372870728
64,400,wormhole_b0,riscv_0,721920,L1,unicast,one_to_all,True,False,False,25,0,9568.0,2.6755852842809364
128,400,wormhole_b0,riscv_0,722944,L1,unicast,one_to_all,True,False,False,25,0,9568.0,5.351170568561873
256,400,wormhole_b0,riscv_0,723968,L1,unicast,one_to_all,True,False,False,25,0,9625.0,10.638961038961039
512,400,wormhole_b0,riscv_0,724992,L1,unicast,one_to_all,True,False,False,25,0,9588.0,21.360033375052147
1024,400,wormhole_b0,riscv_0,726016,L1,unicast,one_to_all,True,False,False,25,0,13836.0,29.603931772188492
2048,400,wormhole_b0,riscv_0,727040,L1,unicast,one_to_all,True,False,False,25,0,26781.0,30.58885030432023
4096,400,wormhole_b0,riscv_0,728064,L1,unicast,one_to_all,True,False,False,25,0,52826.0,31.015030477416424
8192,400,wormhole_b0,riscv_0,729088,L1,unicast,one_to_all,True,False,False,25,0,105127.0,31.16991828930722
16384,400,wormhole_b0,riscv_0,730112,L1,unicast,one_to_all,True,False,False,25,0,209760.0,31.243325705568267
32768,400,wormhole_b0,riscv_0,731136,L1,unicast,one_to_all,True,False,False,25,0,420179.0,31.194324323681098
65536,400,wormhole_b0,riscv_0,732160,L1,unicast,one_to_all,True,False,False,25,0,838028.0,31.28105504828001
32,1600,wormhole_b0,riscv_0,733184,L1,unicast,one_to_all,True,False,False,25,0,36014.0,1.4216693508080191
64,1600,wormhole_b0,riscv_0,734208,L1,unicast,one_to_all,True,False,False,25,0,36013.0,2.8434176547357897
128,1600,wormhole_b0,riscv_0,735232,L1,unicast,one_to_all,True,False,False,25,0,36015.0,5.686519505761488
256,1600,wormhole_b0,riscv_0,736256,L1,unicast,one_to_all,True,False,False,25,0,42321.0,9.678410245504596
512,1600,wormhole_b0,riscv_0,737280,L1,unicast,one_to_all,True,False,False,25,0,36090.0,22.698808534220007
1024,1600,wormhole_b0,riscv_0,738304,L1,unicast,one_to_all,True,False,False,25,0,54254.0,30.198695027094775
2048,1600,wormhole_b0,riscv_0,739328,L1,unicast,one_to_all,True,False,False,25,0,106057.0,30.89659334131646
4096,1600,wormhole_b0,riscv_0,740352,L1,unicast,one_to_all,True,False,False,25,0,210009.0,31.20628163554895
8192,1600,wormhole_b0,riscv_0,741376,L1,unicast,one_to_all,True,False,False,25,0,419348.0,31.25614048475252
16384,1600,wormhole_b0,riscv_0,742400,L1,unicast,one_to_all,True,False,False,25,0,838063.0,31.27974865851374
32768,1600,wormhole_b0,riscv_0,743424,L1,unicast,one_to_all,True,False,False,25,0,1675807.0,31.285702947893164
65536,1600,wormhole_b0,riscv_0,744448,L1,unicast,one_to_all,True,False,False,25,0,3350663.0,31.294582594549198
32,6400,wormhole_b0,riscv_0,745472,L1,unicast,one_to_all,True,False,False,25,0,141804.0,1.4442469888014442
64,6400,wormhole_b0,riscv_0,746496,L1,unicast,one_to_all,True,False,False,25,0,141805.0,2.888473608123832
128,6400,wormhole_b0,riscv_0,747520,L1,unicast,one_to_all,True,False,False,25,0,141806.0,5.776906477864125
256,6400,wormhole_b0,riscv_0,748544,L1,unicast,one_to_all,True,False,False,25,0,141868.0,11.548763639439478
512,6400,wormhole_b0,riscv_0,749568,L1,unicast,one_to_all,True,False,False,25,0,141836.0,23.102738373896614
1024,6400,wormhole_b0,riscv_0,750592,L1,unicast,one_to_all,True,False,False,25,0,216086.0,30.328665438760492
2048,6400,wormhole_b0,riscv_0,751616,L1,unicast,one_to_all,True,False,False,25,0,422196.0,31.045296497361416
4096,6400,wormhole_b0,riscv_0,752640,L1,unicast,one_to_all,True,False,False,25,0,838631.0,31.258563062896553
8192,6400,wormhole_b0,riscv_0,753664,L1,unicast,one_to_all,True,False,False,25,0,1676142.0,31.279450070459426
16384,6400,wormhole_b0,riscv_0,754688,L1,unicast,one_to_all,True,False,False,25,0,3351094.0,31.290557650725404
32768,6400,wormhole_b0,riscv_0,755712,L1,unicast,one_to_all,True,False,False,25,0,6722721.0,31.194987862801387
65536,6400,wormhole_b0,riscv_0,756736,L1,unicast,one_to_all,True,False,False,25,0,13401036.0,31.298356336032526
32,25,wormhole_b0,riscv_0,757760,L1,unicast,one_to_all,True,True,False,25,0,1348.0,0.5934718100890207
64,25,wormhole_b0,riscv_0,758784,L1,unicast,one_to_all,True,True,False,25,0,1349.0,1.1860637509266123
128,25,wormhole_b0,riscv_0,759808,L1,unicast,one_to_all,True,True,False,25,0,1354.0,2.363367799113737
256,25,wormhole_b0,riscv_0,760832,L1,unicast,one_to_all,True,True,False,25,0,1367.0,4.6817849305047545
512,25,wormhole_b0,riscv_0,761856,L1,unicast,one_to_all,True,True,False,25,0,1364.0,9.3841642228739
1024,25,wormhole_b0,riscv_0,762880,L1,unicast,one_to_all,True,True,False,25,0,1384.0,18.497109826589597
2048,25,wormhole_b0,riscv_0,763904,L1,unicast,one_to_all,True,True,False,25,0,2037.0,25.135002454590083
4096,25,wormhole_b0,riscv_0,764928,L1,unicast,one_to_all,True,True,False,25,0,3675.0,27.86394557823129
32,100,wormhole_b0,riscv_0,765952,L1,unicast,one_to_all,True,True,False,25,0,3025.0,1.0578512396694215
64,100,wormhole_b0,riscv_0,766976,L1,unicast,one_to_all,True,True,False,25,0,3025.0,2.115702479338843
128,100,wormhole_b0,riscv_0,768000,L1,unicast,one_to_all,True,True,False,25,0,3029.0,4.225817101353582
256,100,wormhole_b0,riscv_0,769024,L1,unicast,one_to_all,True,True,False,25,0,3035.0,8.43492586490939
512,100,wormhole_b0,riscv_0,770048,L1,unicast,one_to_all,True,True,False,25,0,3102.0,16.50548033526757
1024,100,wormhole_b0,riscv_0,771072,L1,unicast,one_to_all,True,True,False,25,0,3781.0,27.082782332716214
2048,100,wormhole_b0,riscv_0,772096,L1,unicast,one_to_all,True,True,False,25,0,7011.0,29.21123948081586
4096,100,wormhole_b0,riscv_0,773120,L1,unicast,one_to_all,True,True,False,25,0,13499.0,30.342988369508852
32,400,wormhole_b0,riscv_0,774144,L1,unicast,one_to_all,True,True,False,25,0,9031.0,1.4173402723950836
64,400,wormhole_b0,riscv_0,775168,L1,unicast,one_to_all,True,True,False,25,0,9077.0,2.8203150820755756
128,400,wormhole_b0,riscv_0,776192,L1,unicast,one_to_all,True,True,False,25,0,9035.0,5.666851134477033
256,400,wormhole_b0,riscv_0,777216,L1,unicast,one_to_all,True,True,False,25,0,9128.0,11.2182296231376
512,400,wormhole_b0,riscv_0,778240,L1,unicast,one_to_all,True,True,False,25,0,9036.0,22.66489597166888
1024,400,wormhole_b0,riscv_0,779264,L1,unicast,one_to_all,True,True,False,25,0,13895.0,29.478229578985246
2048,400,wormhole_b0,riscv_0,780288,L1,unicast,one_to_all,True,True,False,25,0,26849.0,30.511378449849158
4096,400,wormhole_b0,riscv_0,781312,L1,unicast,one_to_all,True,True,False,25,0,52837.0,31.008573537483205
32,1600,wormhole_b0,riscv_0,782336,L1,unicast,one_to_all,True,True,False,25,0,33036.0,1.5498244339508416
64,1600,wormhole_b0,riscv_0,783360,L1,unicast,one_to_all,True,True,False,25,0,33077.0,3.0958067539377816
128,1600,wormhole_b0,riscv_0,784384,L1,unicast,one_to_all,True,True,False,25,0,33034.0,6.19967306411576
256,1600,wormhole_b0,riscv_0,785408,L1,unicast,one_to_all,True,True,False,25,0,33128.0,12.364163245592852
512,1600,wormhole_b0,riscv_0,786432,L1,unicast,one_to_all,True,True,False,25,0,33047.0,24.78893696855993
1024,1600,wormhole_b0,riscv_0,787456,L1,unicast,one_to_all,True,True,False,25,0,54254.0,30.198695027094775
2048,1600,wormhole_b0,riscv_0,788480,L1,unicast,one_to_all,True,True,False,25,0,106125.0,30.876796230859835
4096,1600,wormhole_b0,riscv_0,789504,L1,unicast,one_to_all,True,True,False,25,0,210003.0,31.207173230858608
32,6400,wormhole_b0,riscv_0,790528,L1,unicast,one_to_all,True,True,False,25,0,129034.0,1.5871785730892634
64,6400,wormhole_b0,riscv_0,791552,L1,unicast,one_to_all,True,True,False,25,0,129077.0,3.1732996583434696
128,6400,wormhole_b0,riscv_0,792576,L1,unicast,one_to_all,True,True,False,25,0,129034.0,6.348714292357053
256,6400,wormhole_b0,riscv_0,793600,L1,unicast,one_to_all,True,True,False,25,0,129126.0,12.68838189055651
512,6400,wormhole_b0,riscv_0,794624,L1,unicast,one_to_all,True,True,False,25,0,129050.0,25.391708640061992
1024,6400,wormhole_b0,riscv_0,795648,L1,unicast,one_to_all,True,True,False,25,0,215868.0,30.359293642411103
2048,6400,wormhole_b0,riscv_0,796672,L1,unicast,one_to_all,True,True,False,25,0,423153.0,30.975084662048953
4096,6400,wormhole_b0,riscv_0,797696,L1,unicast,one_to_all,True,True,False,25,0,838646.0,31.258003973070878
32,1,wormhole_b0,riscv_0,860160,L1,multicast,one_to_all,True,False,False,25,0,537.0,0.0595903165735568
64,1,wormhole_b0,riscv_0,861184,L1,multicast,one_to_all,True,False,False,25,0,536.0,0.11940298507462686
128,1,wormhole_b0,riscv_0,862208,L1,multicast,one_to_all,True,False,False,25,0,538.0,0.2379182156133829
256,1,wormhole_b0,riscv_0,863232,L1,multicast,one_to_all,True,False,False,25,0,538.0,0.4758364312267658
512,1,wormhole_b0,riscv_0,864256,L1,multicast,one_to_all,True,False,False,25,0,555.0,0.9225225225225225
1024,1,wormhole_b0,riscv_0,865280,L1,multicast,one_to_all,True,False,False,25,0,579.0,1.768566493955095
2048,1,wormhole_b0,riscv_0,866304,L1,multicast,one_to_all,True,False,False,25,0,618.0,3.313915857605178
4096,1,wormhole_b0,riscv_0,867328,L1,multicast,one_to_all,True,False,False,25,0,705.0,5.809929078014185
8192,1,wormhole_b0,riscv_0,868352,L1,multicast,one_to_all,True,False,False,25,0,860.0,9.525581395348837
16384,1,wormhole_b0,riscv_0,869376,L1,multicast,one_to_all,True,False,False,25,0,1376.0,11.906976744186046
32768,1,wormhole_b0,riscv_0,870400,L1,multicast,one_to_all,True,False,False,25,0,2414.0,13.574150787075393
65536,1,wormhole_b0,riscv_0,871424,L1,multicast,one_to_all,True,False,False,25,0,4463.0,14.684293076406005
32,4,wormhole_b0,riscv_0,872448,L1,multicast,one_to_all,True,False,False,25,0,1262.0,0.10142630744849446
64,4,wormhole_b0,riscv_0,873472,L1,multicast,one_to_all,True,False,False,25,0,1269.0,0.2017336485421592
128,4,wormhole_b0,riscv_0,874496,L1,multicast,one_to_all,True,False,False,25,0,1278.0,0.40062597809076683
256,4,wormhole_b0,riscv_0,875520,L1,multicast,one_to_all,True,False,False,25,0,1299.0,0.7882986913010007
512,4,wormhole_b0,riscv_0,876544,L1,multicast,one_to_all,True,False,False,25,0,1339.0,1.5294996265870053
1024,4,wormhole_b0,riscv_0,877568,L1,multicast,one_to_all,True,False,False,25,0,1413.0,2.8987968860580327
2048,4,wormhole_b0,riscv_0,878592,L1,multicast,one_to_all,True,False,False,25,0,1571.0,5.214513049013367
4096,4,wormhole_b0,riscv_0,879616,L1,multicast,one_to_all,True,False,False,25,0,1851.0,8.85143165856294
8192,4,wormhole_b0,riscv_0,880640,L1,multicast,one_to_all,True,False,False,25,0,2420.0,13.540495867768595
16384,4,wormhole_b0,riscv_0,881664,L1,multicast,one_to_all,True,False,False,25,0,4451.0,14.723882273646371
32768,4,wormhole_b0,riscv_0,882688,L1,multicast,one_to_all,True,False,False,25,0,8566.0,15.301424235349055
65536,4,wormhole_b0,riscv_0,883712,L1,multicast,one_to_all,True,False,False,25,0,16735.0,15.664415894831192
32,16,wormhole_b0,riscv_0,884736,L1,multicast,one_to_all,True,False,False,25,0,4206.0,0.12173086067522587
64,16,wormhole_b0,riscv_0,885760,L1,multicast,one_to_all,True,False,False,25,0,4221.0,0.2425965411040038
128,16,wormhole_b0,riscv_0,886784,L1,multicast,one_to_all,True,False,False,25,0,4253.0,0.48154244063014345
256,16,wormhole_b0,riscv_0,887808,L1,multicast,one_to_all,True,False,False,25,0,4325.0,0.9470520231213873
512,16,wormhole_b0,riscv_0,888832,L1,multicast,one_to_all,True,False,False,25,0,4452.0,1.840071877807727
1024,16,wormhole_b0,riscv_0,889856,L1,multicast,one_to_all,True,False,False,25,0,4741.0,3.4558110103353723
2048,16,wormhole_b0,riscv_0,890880,L1,multicast,one_to_all,True,False,False,25,0,5298.0,6.184975462438656
4096,16,wormhole_b0,riscv_0,891904,L1,multicast,one_to_all,True,False,False,25,0,6388.0,10.2592360676268
8192,16,wormhole_b0,riscv_0,892928,L1,multicast,one_to_all,True,False,False,25,0,8571.0,15.292497958231245
16384,16,wormhole_b0,riscv_0,893952,L1,multicast,one_to_all,True,False,False,25,0,16748.0,15.652256985908766
32768,16,wormhole_b0,riscv_0,894976,L1,multicast,one_to_all,True,False,False,25,0,33257.0,15.764741257479628
65536,16,wormhole_b0,riscv_0,896000,L1,multicast,one_to_all,True,False,False,25,0,65873.0,15.918145522444703
32,64,wormhole_b0,riscv_0,897024,L1,multicast,one_to_all,True,False,False,25,0,15966.0,0.1282725792308656
64,64,wormhole_b0,riscv_0,898048,L1,multicast,one_to_all,True,False,False,25,0,16033.0,0.25547308675856045
128,64,wormhole_b0,riscv_0,899072,L1,multicast,one_to_all,True,False,False,25,0,16157.0,0.5070248189639166
256,64,wormhole_b0,riscv_0,900096,L1,multicast,one_to_all,True,False,False,25,0,16421.0,0.9977467876499604
512,64,wormhole_b0,riscv_0,901120,L1,multicast,one_to_all,True,False,False,25,0,16948.0,1.9334434741562425
1024,64,wormhole_b0,riscv_0,902144,L1,multicast,one_to_all,True,False,False,25,0,18020.0,3.6368479467258603
2048,64,wormhole_b0,riscv_0,903168,L1,multicast,one_to_all,True,False,False,25,0,20255.0,6.471093557146384
4096,64,wormhole_b0,riscv_0,904192,L1,multicast,one_to_all,True,False,False,25,0,24540.0,10.682314588427058
8192,64,wormhole_b0,riscv_0,905216,L1,multicast,one_to_all,True,False,False,25,0,33572.0,15.616823543429048
16384,64,wormhole_b0,riscv_0,906240,L1,multicast,one_to_all,True,False,False,25,0,66173.0,15.845979478034849
32768,64,wormhole_b0,riscv_0,907264,L1,multicast,one_to_all,True,False,False,25,0,131669.0,15.9274544501743
65536,64,wormhole_b0,riscv_0,908288,L1,multicast,one_to_all,True,False,False,25,0,262497.0,15.97848356362168
32,256,wormhole_b0,riscv_0,909312,L1,multicast,one_to_all,True,False,False,25,0,63007.0,0.13001729966511658
64,256,wormhole_b0,riscv_0,910336,L1,multicast,one_to_all,True,False,False,25,0,63261.0,0.25899053129100075
128,256,wormhole_b0,riscv_0,911360,L1,multicast,one_to_all,True,False,False,25,0,63772.0,0.5138305212318885
256,256,wormhole_b0,riscv_0,912384,L1,multicast,one_to_all,True,False,False,25,0,64805.0,1.0112799938276367
512,256,wormhole_b0,riscv_0,913408,L1,multicast,one_to_all,True,False,False,25,0,66867.0,1.960189630161365
1024,256,wormhole_b0,riscv_0,914432,L1,multicast,one_to_all,True,False,False,25,0,71243.0,3.6795755372457646
2048,256,wormhole_b0,riscv_0,915456,L1,multicast,one_to_all,True,False,False,25,0,80030.0,6.551143321254529
4096,256,wormhole_b0,riscv_0,916480,L1,multicast,one_to_all,True,False,False,25,0,97134.0,10.795148969464863
8192,256,wormhole_b0,riscv_0,917504,L1,multicast,one_to_all,True,False,False,25,0,131828.0,15.908244075613679
16384,256,wormhole_b0,riscv_0,918528,L1,multicast,one_to_all,True,False,False,25,0,262612.0,15.97148645149498
32768,256,wormhole_b0,riscv_0,919552,L1,multicast,one_to_all,True,False,False,25,0,526647.0,15.92833150098643
65536,256,wormhole_b0,riscv_0,920576,L1,multicast,one_to_all,True,False,False,25,0,1048690.0,15.998260687143008
32,1,wormhole_b0,riscv_0,983040,L1,multicast_linked,one_to_all,True,False,False,25,0,537.0,0.0595903165735568
64,1,wormhole_b0,riscv_0,984064,L1,multicast_linked,one_to_all,True,False,False,25,0,537.0,0.1191806331471136
128,1,wormhole_b0,riscv_0,985088,L1,multicast_linked,one_to_all,True,False,False,25,0,538.0,0.2379182156133829
256,1,wormhole_b0,riscv_0,986112,L1,multicast_linked,one_to_all,True,False,False,25,0,539.0,0.4749536178107607
512,1,wormhole_b0,riscv_0,987136,L1,multicast_linked,one_to_all,True,False,False,25,0,554.0,0.924187725631769
1024,1,wormhole_b0,riscv_0,988160,L1,multicast_linked,one_to_all,True,False,False,25,0,577.0,1.7746967071057191
2048,1,wormhole_b0,riscv_0,989184,L1,multicast_linked,one_to_all,True,False,False,25,0,618.0,3.313915857605178
4096,1,wormhole_b0,riscv_0,990208,L1,multicast_linked,one_to_all,True,False,False,25,0,697.0,5.87661406025825
8192,1,wormhole_b0,riscv_0,991232,L1,multicast_linked,one_to_all,True,False,False,25,0,849.0,9.648998822143698
16384,1,wormhole_b0,riscv_0,992256,L1,multicast_linked,one_to_all,True,False,False,25,0,1378.0,11.889695210449927
32768,1,wormhole_b0,riscv_0,993280,L1,multicast_linked,one_to_all,True,False,False,25,0,2413.0,13.579776212184003
65536,1,wormhole_b0,riscv_0,994304,L1,multicast_linked,one_to_all,True,False,False,25,0,4446.0,14.740440845704004
32,4,wormhole_b0,riscv_0,995328,L1,multicast_linked,one_to_all,True,False,False,25,0,611.0,0.20949263502454993
64,4,wormhole_b0,riscv_0,996352,L1,multicast_linked,one_to_all,True,False,False,25,0,608.0,0.42105263157894735
128,4,wormhole_b0,riscv_0,997376,L1,multicast_linked,one_to_all,True,False,False,25,0,607.0,0.8434925864909391
256,4,wormhole_b0,riscv_0,998400,L1,multicast_linked,one_to_all,True,False,False,25,0,623.0,1.6436597110754414
512,4,wormhole_b0,riscv_0,999424,L1,multicast_linked,one_to_all,True,False,False,25,0,630.0,3.250793650793651
1024,4,wormhole_b0,riscv_0,1000448,L1,multicast_linked,one_to_all,True,False,False,25,0,697.0,5.87661406025825
2048,4,wormhole_b0,riscv_0,1001472,L1,multicast_linked,one_to_all,True,False,False,25,0,860.0,9.525581395348837
4096,4,wormhole_b0,riscv_0,1002496,L1,multicast_linked,one_to_all,True,False,False,25,0,1136.0,14.422535211267606
8192,4,wormhole_b0,riscv_0,1003520,L1,multicast_linked,one_to_all,True,False,False,25,0,1701.0,19.263962375073486
16384,4,wormhole_b0,riscv_0,1004544,L1,multicast_linked,one_to_all,True,False,False,25,0,3027.0,21.650479022134125
32768,4,wormhole_b0,riscv_0,1005568,L1,multicast_linked,one_to_all,True,False,False,25,0,5679.0,23.08011973939074
65536,4,wormhole_b0,riscv_0,1006592,L1,multicast_linked,one_to_all,True,False,False,25,0,10954.0,23.931349278802266
32,16,wormhole_b0,riscv_0,1007616,L1,multicast_linked,one_to_all,True,False,False,25,0,879.0,0.5824800910125142
64,16,wormhole_b0,riscv_0,1008640,L1,multicast_linked,one_to_all,True,False,False,25,0,886.0,1.1557562076749435
128,16,wormhole_b0,riscv_0,1009664,L1,multicast_linked,one_to_all,True,False,False,25,0,887.0,2.3089064261555805
256,16,wormhole_b0,riscv_0,1010688,L1,multicast_linked,one_to_all,True,False,False,25,0,885.0,4.628248587570622
512,16,wormhole_b0,riscv_0,1011712,L1,multicast_linked,one_to_all,True,False,False,25,0,907.0,9.031973539140022
1024,16,wormhole_b0,riscv_0,1012736,L1,multicast_linked,one_to_all,True,False,False,25,0,1185.0,13.826160337552743
2048,16,wormhole_b0,riscv_0,1013760,L1,multicast_linked,one_to_all,True,False,False,25,0,1746.0,18.767468499427263
4096,16,wormhole_b0,riscv_0,1014784,L1,multicast_linked,one_to_all,True,False,False,25,0,2802.0,23.38900785153462
8192,16,wormhole_b0,riscv_0,1015808,L1,multicast_linked,one_to_all,True,False,False,25,0,4946.0,26.500606550748078
16384,16,wormhole_b0,riscv_0,1016832,L1,multicast_linked,one_to_all,True,False,False,25,0,9529.0,27.510126980795466
32768,16,wormhole_b0,riscv_0,1017856,L1,multicast_linked,one_to_all,True,False,False,25,0,18774.0,27.926281026952168
65536,16,wormhole_b0,riscv_0,1018880,L1,multicast_linked,one_to_all,True,False,False,25,0,36900.0,28.41669376693767
32,64,wormhole_b0,riscv_0,1019904,L1,multicast_linked,one_to_all,True,False,False,25,0,2081.0,0.984142239308025
64,64,wormhole_b0,riscv_0,1020928,L1,multicast_linked,one_to_all,True,False,False,25,0,2086.0,1.9635666347075742
128,64,wormhole_b0,riscv_0,1021952,L1,multicast_linked,one_to_all,True,False,False,25,0,2092.0,3.915869980879541
256,64,wormhole_b0,riscv_0,1022976,L1,multicast_linked,one_to_all,True,False,False,25,0,2093.0,7.827998088867654
512,64,wormhole_b0,riscv_0,1024000,L1,multicast_linked,one_to_all,True,False,False,25,0,2106.0,15.559354226020893
1024,64,wormhole_b0,riscv_0,1025024,L1,multicast_linked,one_to_all,True,False,False,25,0,2987.0,21.94040843655842
2048,64,wormhole_b0,riscv_0,1026048,L1,multicast_linked,one_to_all,True,False,False,25,0,5140.0,25.500389105058368
4096,64,wormhole_b0,riscv_0,1027072,L1,multicast_linked,one_to_all,True,False,False,25,0,9379.0,27.950101290116216
8192,64,wormhole_b0,riscv_0,1028096,L1,multicast_linked,one_to_all,True,False,False,25,0,17954.0,29.201737774312132
16384,64,wormhole_b0,riscv_0,1029120,L1,multicast_linked,one_to_all,True,False,False,25,0,35446.0,29.58235061784122
32768,64,wormhole_b0,riscv_0,1030144,L1,multicast_linked,one_to_all,True,False,False,25,0,70726.0,29.65178293696802
65536,64,wormhole_b0,riscv_0,1031168,L1,multicast_linked,one_to_all,True,False,False,25,0,140666.0,29.817468329233787
32,256,wormhole_b0,riscv_0,1032192,L1,multicast_linked,one_to_all,True,False,False,25,0,6879.0,1.1908707660997238
64,256,wormhole_b0,riscv_0,1033216,L1,multicast_linked,one_to_all,True,False,False,25,0,6887.0,2.3789748802090895
128,256,wormhole_b0,riscv_0,1034240,L1,multicast_linked,one_to_all,True,False,False,25,0,6888.0,4.75725900116144
256,256,wormhole_b0,riscv_0,1035264,L1,multicast_linked,one_to_all,True,False,False,25,0,6895.0,9.504858593183465
512,256,wormhole_b0,riscv_0,1036288,L1,multicast_linked,one_to_all,True,False,False,25,0,6909.0,18.97119698943407
1024,256,wormhole_b0,riscv_0,1037312,L1,multicast_linked,one_to_all,True,False,False,25,0,10234.0,25.61500879421536
2048,256,wormhole_b0,riscv_0,1038336,L1,multicast_linked,one_to_all,True,False,False,25,0,18711.0,28.020308909197798
4096,256,wormhole_b0,riscv_0,1039360,L1,multicast_linked,one_to_all,True,False,False,25,0,35664.0,29.401525347689546
8192,256,wormhole_b0,riscv_0,1040384,L1,multicast_linked,one_to_all,True,False,False,25,0,70051.0,29.937502676621317
16384,256,wormhole_b0,riscv_0,1041408,L1,multicast_linked,one_to_all,True,False,False,25,0,139334.0,30.102516255903083
32768,256,wormhole_b0,riscv_0,1042432,L1,multicast_linked,one_to_all,True,False,False,25,0,279864.0,29.97387302404025
65536,256,wormhole_b0,riscv_0,1043456,L1,multicast_linked,one_to_all,True,False,False,25,0,555770.0,30.187336488115587
